The system is: Linux - 6.8.0-1027-azure - x86_64
Compiling the C compiler identification source file "CMakeCCompilerId.c" succeeded.
Compiler: /usr/bin/cc 
Build flags: 
Id flags:  

The output was:
0


Compilation of the C compiler identification source "CMakeCCompilerId.c" produced "a.out"

The C compiler identification is GNU, found in "/workspaces/CHIP-8-Emulator/src/SDL3-3.2.16/build/CMakeFiles/3.16.3/CompilerIdC/a.out"

Determining if the C compiler works passed with the following output:
Change Dir: /workspaces/CHIP-8-Emulator/src/SDL3-3.2.16/build/CMakeFiles/CMakeTmp

Run Build Command(s):/usr/bin/make cmTC_b1e69/fast && /usr/bin/make -f CMakeFiles/cmTC_b1e69.dir/build.make CMakeFiles/cmTC_b1e69.dir/build
make[1]: Entering directory '/workspaces/CHIP-8-Emulator/src/SDL3-3.2.16/build/CMakeFiles/CMakeTmp'
Building C object CMakeFiles/cmTC_b1e69.dir/testCCompiler.c.o
/usr/bin/cc    -o CMakeFiles/cmTC_b1e69.dir/testCCompiler.c.o   -c /workspaces/CHIP-8-Emulator/src/SDL3-3.2.16/build/CMakeFiles/CMakeTmp/testCCompiler.c
Linking C executable cmTC_b1e69
/usr/bin/cmake -E cmake_link_script CMakeFiles/cmTC_b1e69.dir/link.txt --verbose=1
/usr/bin/cc      CMakeFiles/cmTC_b1e69.dir/testCCompiler.c.o  -o cmTC_b1e69 
make[1]: Leaving directory '/workspaces/CHIP-8-Emulator/src/SDL3-3.2.16/build/CMakeFiles/CMakeTmp'



Detecting C compiler ABI info compiled with the following output:
Change Dir: /workspaces/CHIP-8-Emulator/src/SDL3-3.2.16/build/CMakeFiles/CMakeTmp

Run Build Command(s):/usr/bin/make cmTC_b5fcf/fast && /usr/bin/make -f CMakeFiles/cmTC_b5fcf.dir/build.make CMakeFiles/cmTC_b5fcf.dir/build
make[1]: Entering directory '/workspaces/CHIP-8-Emulator/src/SDL3-3.2.16/build/CMakeFiles/CMakeTmp'
Building C object CMakeFiles/cmTC_b5fcf.dir/CMakeCCompilerABI.c.o
/usr/bin/cc   -v -o CMakeFiles/cmTC_b5fcf.dir/CMakeCCompilerABI.c.o   -c /usr/share/cmake-3.16/Modules/CMakeCCompilerABI.c
Using built-in specs.
COLLECT_GCC=/usr/bin/cc
OFFLOAD_TARGET_NAMES=nvptx-none:hsa
OFFLOAD_TARGET_DEFAULT=1
Target: x86_64-linux-gnu
Configured with: ../src/configure -v --with-pkgversion='Ubuntu 9.4.0-1ubuntu1~20.04.2' --with-bugurl=file:///usr/share/doc/gcc-9/README.Bugs --enable-languages=c,ada,c++,go,brig,d,fortran,objc,obj-c++,gm2 --prefix=/usr --with-gcc-major-version-only --program-suffix=-9 --program-prefix=x86_64-linux-gnu- --enable-shared --enable-linker-build-id --libexecdir=/usr/lib --without-included-gettext --enable-threads=posix --libdir=/usr/lib --enable-nls --enable-clocale=gnu --enable-libstdcxx-debug --enable-libstdcxx-time=yes --with-default-libstdcxx-abi=new --enable-gnu-unique-object --disable-vtable-verify --enable-plugin --enable-default-pie --with-system-zlib --with-target-system-zlib=auto --enable-objc-gc=auto --enable-multiarch --disable-werror --with-arch-32=i686 --with-abi=m64 --with-multilib-list=m32,m64,mx32 --enable-multilib --with-tune=generic --enable-offload-targets=nvptx-none=/build/gcc-9-9QDOt0/gcc-9-9.4.0/debian/tmp-nvptx/usr,hsa --without-cuda-driver --enable-checking=release --build=x86_64-linux-gnu --host=x86_64-linux-gnu --target=x86_64-linux-gnu
Thread model: posix
gcc version 9.4.0 (Ubuntu 9.4.0-1ubuntu1~20.04.2) 
COLLECT_GCC_OPTIONS='-v' '-o' 'CMakeFiles/cmTC_b5fcf.dir/CMakeCCompilerABI.c.o' '-c' '-mtune=generic' '-march=x86-64'
 /usr/lib/gcc/x86_64-linux-gnu/9/cc1 -quiet -v -imultiarch x86_64-linux-gnu /usr/share/cmake-3.16/Modules/CMakeCCompilerABI.c -quiet -dumpbase CMakeCCompilerABI.c -mtune=generic -march=x86-64 -auxbase-strip CMakeFiles/cmTC_b5fcf.dir/CMakeCCompilerABI.c.o -version -fasynchronous-unwind-tables -fstack-protector-strong -Wformat -Wformat-security -fstack-clash-protection -fcf-protection -o /tmp/ccqnK9Wb.s
GNU C17 (Ubuntu 9.4.0-1ubuntu1~20.04.2) version 9.4.0 (x86_64-linux-gnu)
	compiled by GNU C version 9.4.0, GMP version 6.2.0, MPFR version 4.0.2, MPC version 1.1.0, isl version isl-0.22.1-GMP

GGC heuristics: --param ggc-min-expand=100 --param ggc-min-heapsize=131072
ignoring nonexistent directory "/usr/local/include/x86_64-linux-gnu"
ignoring nonexistent directory "/usr/lib/gcc/x86_64-linux-gnu/9/include-fixed"
ignoring nonexistent directory "/usr/lib/gcc/x86_64-linux-gnu/9/../../../../x86_64-linux-gnu/include"
#include "..." search starts here:
#include <...> search starts here:
 /usr/lib/gcc/x86_64-linux-gnu/9/include
 /usr/local/include
 /usr/include/x86_64-linux-gnu
 /usr/include
End of search list.
GNU C17 (Ubuntu 9.4.0-1ubuntu1~20.04.2) version 9.4.0 (x86_64-linux-gnu)
	compiled by GNU C version 9.4.0, GMP version 6.2.0, MPFR version 4.0.2, MPC version 1.1.0, isl version isl-0.22.1-GMP

GGC heuristics: --param ggc-min-expand=100 --param ggc-min-heapsize=131072
Compiler executable checksum: 01da938ff5dc2163489aa33cb3b747a7
COLLECT_GCC_OPTIONS='-v' '-o' 'CMakeFiles/cmTC_b5fcf.dir/CMakeCCompilerABI.c.o' '-c' '-mtune=generic' '-march=x86-64'
 as -v --64 -o CMakeFiles/cmTC_b5fcf.dir/CMakeCCompilerABI.c.o /tmp/ccqnK9Wb.s
GNU assembler version 2.34 (x86_64-linux-gnu) using BFD version (GNU Binutils for Ubuntu) 2.34
COMPILER_PATH=/usr/lib/gcc/x86_64-linux-gnu/9/:/usr/lib/gcc/x86_64-linux-gnu/9/:/usr/lib/gcc/x86_64-linux-gnu/:/usr/lib/gcc/x86_64-linux-gnu/9/:/usr/lib/gcc/x86_64-linux-gnu/
LIBRARY_PATH=/usr/lib/gcc/x86_64-linux-gnu/9/:/usr/lib/gcc/x86_64-linux-gnu/9/../../../x86_64-linux-gnu/:/usr/lib/gcc/x86_64-linux-gnu/9/../../../../lib/:/lib/x86_64-linux-gnu/:/lib/../lib/:/usr/lib/x86_64-linux-gnu/:/usr/lib/../lib/:/usr/lib/gcc/x86_64-linux-gnu/9/../../../:/lib/:/usr/lib/
COLLECT_GCC_OPTIONS='-v' '-o' 'CMakeFiles/cmTC_b5fcf.dir/CMakeCCompilerABI.c.o' '-c' '-mtune=generic' '-march=x86-64'
Linking C executable cmTC_b5fcf
/usr/bin/cmake -E cmake_link_script CMakeFiles/cmTC_b5fcf.dir/link.txt --verbose=1
/usr/bin/cc     -v CMakeFiles/cmTC_b5fcf.dir/CMakeCCompilerABI.c.o  -o cmTC_b5fcf 
Using built-in specs.
COLLECT_GCC=/usr/bin/cc
COLLECT_LTO_WRAPPER=/usr/lib/gcc/x86_64-linux-gnu/9/lto-wrapper
OFFLOAD_TARGET_NAMES=nvptx-none:hsa
OFFLOAD_TARGET_DEFAULT=1
Target: x86_64-linux-gnu
Configured with: ../src/configure -v --with-pkgversion='Ubuntu 9.4.0-1ubuntu1~20.04.2' --with-bugurl=file:///usr/share/doc/gcc-9/README.Bugs --enable-languages=c,ada,c++,go,brig,d,fortran,objc,obj-c++,gm2 --prefix=/usr --with-gcc-major-version-only --program-suffix=-9 --program-prefix=x86_64-linux-gnu- --enable-shared --enable-linker-build-id --libexecdir=/usr/lib --without-included-gettext --enable-threads=posix --libdir=/usr/lib --enable-nls --enable-clocale=gnu --enable-libstdcxx-debug --enable-libstdcxx-time=yes --with-default-libstdcxx-abi=new --enable-gnu-unique-object --disable-vtable-verify --enable-plugin --enable-default-pie --with-system-zlib --with-target-system-zlib=auto --enable-objc-gc=auto --enable-multiarch --disable-werror --with-arch-32=i686 --with-abi=m64 --with-multilib-list=m32,m64,mx32 --enable-multilib --with-tune=generic --enable-offload-targets=nvptx-none=/build/gcc-9-9QDOt0/gcc-9-9.4.0/debian/tmp-nvptx/usr,hsa --without-cuda-driver --enable-checking=release --build=x86_64-linux-gnu --host=x86_64-linux-gnu --target=x86_64-linux-gnu
Thread model: posix
gcc version 9.4.0 (Ubuntu 9.4.0-1ubuntu1~20.04.2) 
COMPILER_PATH=/usr/lib/gcc/x86_64-linux-gnu/9/:/usr/lib/gcc/x86_64-linux-gnu/9/:/usr/lib/gcc/x86_64-linux-gnu/:/usr/lib/gcc/x86_64-linux-gnu/9/:/usr/lib/gcc/x86_64-linux-gnu/
LIBRARY_PATH=/usr/lib/gcc/x86_64-linux-gnu/9/:/usr/lib/gcc/x86_64-linux-gnu/9/../../../x86_64-linux-gnu/:/usr/lib/gcc/x86_64-linux-gnu/9/../../../../lib/:/lib/x86_64-linux-gnu/:/lib/../lib/:/usr/lib/x86_64-linux-gnu/:/usr/lib/../lib/:/usr/lib/gcc/x86_64-linux-gnu/9/../../../:/lib/:/usr/lib/
COLLECT_GCC_OPTIONS='-v' '-o' 'cmTC_b5fcf' '-mtune=generic' '-march=x86-64'
 /usr/lib/gcc/x86_64-linux-gnu/9/collect2 -plugin /usr/lib/gcc/x86_64-linux-gnu/9/liblto_plugin.so -plugin-opt=/usr/lib/gcc/x86_64-linux-gnu/9/lto-wrapper -plugin-opt=-fresolution=/tmp/ccEabLrZ.res -plugin-opt=-pass-through=-lgcc -plugin-opt=-pass-through=-lgcc_s -plugin-opt=-pass-through=-lc -plugin-opt=-pass-through=-lgcc -plugin-opt=-pass-through=-lgcc_s --build-id --eh-frame-hdr -m elf_x86_64 --hash-style=gnu --as-needed -dynamic-linker /lib64/ld-linux-x86-64.so.2 -pie -z now -z relro -o cmTC_b5fcf /usr/lib/gcc/x86_64-linux-gnu/9/../../../x86_64-linux-gnu/Scrt1.o /usr/lib/gcc/x86_64-linux-gnu/9/../../../x86_64-linux-gnu/crti.o /usr/lib/gcc/x86_64-linux-gnu/9/crtbeginS.o -L/usr/lib/gcc/x86_64-linux-gnu/9 -L/usr/lib/gcc/x86_64-linux-gnu/9/../../../x86_64-linux-gnu -L/usr/lib/gcc/x86_64-linux-gnu/9/../../../../lib -L/lib/x86_64-linux-gnu -L/lib/../lib -L/usr/lib/x86_64-linux-gnu -L/usr/lib/../lib -L/usr/lib/gcc/x86_64-linux-gnu/9/../../.. CMakeFiles/cmTC_b5fcf.dir/CMakeCCompilerABI.c.o -lgcc --push-state --as-needed -lgcc_s --pop-state -lc -lgcc --push-state --as-needed -lgcc_s --pop-state /usr/lib/gcc/x86_64-linux-gnu/9/crtendS.o /usr/lib/gcc/x86_64-linux-gnu/9/../../../x86_64-linux-gnu/crtn.o
COLLECT_GCC_OPTIONS='-v' '-o' 'cmTC_b5fcf' '-mtune=generic' '-march=x86-64'
make[1]: Leaving directory '/workspaces/CHIP-8-Emulator/src/SDL3-3.2.16/build/CMakeFiles/CMakeTmp'



Parsed C implicit include dir info from above output: rv=done
  found start of include info
  found start of implicit include info
    add: [/usr/lib/gcc/x86_64-linux-gnu/9/include]
    add: [/usr/local/include]
    add: [/usr/include/x86_64-linux-gnu]
    add: [/usr/include]
  end of search list found
  collapse include dir [/usr/lib/gcc/x86_64-linux-gnu/9/include] ==> [/usr/lib/gcc/x86_64-linux-gnu/9/include]
  collapse include dir [/usr/local/include] ==> [/usr/local/include]
  collapse include dir [/usr/include/x86_64-linux-gnu] ==> [/usr/include/x86_64-linux-gnu]
  collapse include dir [/usr/include] ==> [/usr/include]
  implicit include dirs: [/usr/lib/gcc/x86_64-linux-gnu/9/include;/usr/local/include;/usr/include/x86_64-linux-gnu;/usr/include]


Parsed C implicit link information from above output:
  link line regex: [^( *|.*[/\])(ld|CMAKE_LINK_STARTFILE-NOTFOUND|([^/\]+-)?ld|collect2)[^/\]*( |$)]
  ignore line: [Change Dir: /workspaces/CHIP-8-Emulator/src/SDL3-3.2.16/build/CMakeFiles/CMakeTmp]
  ignore line: []
  ignore line: [Run Build Command(s):/usr/bin/make cmTC_b5fcf/fast && /usr/bin/make -f CMakeFiles/cmTC_b5fcf.dir/build.make CMakeFiles/cmTC_b5fcf.dir/build]
  ignore line: [make[1]: Entering directory '/workspaces/CHIP-8-Emulator/src/SDL3-3.2.16/build/CMakeFiles/CMakeTmp']
  ignore line: [Building C object CMakeFiles/cmTC_b5fcf.dir/CMakeCCompilerABI.c.o]
  ignore line: [/usr/bin/cc   -v -o CMakeFiles/cmTC_b5fcf.dir/CMakeCCompilerABI.c.o   -c /usr/share/cmake-3.16/Modules/CMakeCCompilerABI.c]
  ignore line: [Using built-in specs.]
  ignore line: [COLLECT_GCC=/usr/bin/cc]
  ignore line: [OFFLOAD_TARGET_NAMES=nvptx-none:hsa]
  ignore line: [OFFLOAD_TARGET_DEFAULT=1]
  ignore line: [Target: x86_64-linux-gnu]
  ignore line: [Configured with: ../src/configure -v --with-pkgversion='Ubuntu 9.4.0-1ubuntu1~20.04.2' --with-bugurl=file:///usr/share/doc/gcc-9/README.Bugs --enable-languages=c ada c++ go brig d fortran objc obj-c++ gm2 --prefix=/usr --with-gcc-major-version-only --program-suffix=-9 --program-prefix=x86_64-linux-gnu- --enable-shared --enable-linker-build-id --libexecdir=/usr/lib --without-included-gettext --enable-threads=posix --libdir=/usr/lib --enable-nls --enable-clocale=gnu --enable-libstdcxx-debug --enable-libstdcxx-time=yes --with-default-libstdcxx-abi=new --enable-gnu-unique-object --disable-vtable-verify --enable-plugin --enable-default-pie --with-system-zlib --with-target-system-zlib=auto --enable-objc-gc=auto --enable-multiarch --disable-werror --with-arch-32=i686 --with-abi=m64 --with-multilib-list=m32 m64 mx32 --enable-multilib --with-tune=generic --enable-offload-targets=nvptx-none=/build/gcc-9-9QDOt0/gcc-9-9.4.0/debian/tmp-nvptx/usr hsa --without-cuda-driver --enable-checking=release --build=x86_64-linux-gnu --host=x86_64-linux-gnu --target=x86_64-linux-gnu]
  ignore line: [Thread model: posix]
  ignore line: [gcc version 9.4.0 (Ubuntu 9.4.0-1ubuntu1~20.04.2) ]
  ignore line: [COLLECT_GCC_OPTIONS='-v' '-o' 'CMakeFiles/cmTC_b5fcf.dir/CMakeCCompilerABI.c.o' '-c' '-mtune=generic' '-march=x86-64']
  ignore line: [ /usr/lib/gcc/x86_64-linux-gnu/9/cc1 -quiet -v -imultiarch x86_64-linux-gnu /usr/share/cmake-3.16/Modules/CMakeCCompilerABI.c -quiet -dumpbase CMakeCCompilerABI.c -mtune=generic -march=x86-64 -auxbase-strip CMakeFiles/cmTC_b5fcf.dir/CMakeCCompilerABI.c.o -version -fasynchronous-unwind-tables -fstack-protector-strong -Wformat -Wformat-security -fstack-clash-protection -fcf-protection -o /tmp/ccqnK9Wb.s]
  ignore line: [GNU C17 (Ubuntu 9.4.0-1ubuntu1~20.04.2) version 9.4.0 (x86_64-linux-gnu)]
  ignore line: [	compiled by GNU C version 9.4.0  GMP version 6.2.0  MPFR version 4.0.2  MPC version 1.1.0  isl version isl-0.22.1-GMP]
  ignore line: []
  ignore line: [GGC heuristics: --param ggc-min-expand=100 --param ggc-min-heapsize=131072]
  ignore line: [ignoring nonexistent directory "/usr/local/include/x86_64-linux-gnu"]
  ignore line: [ignoring nonexistent directory "/usr/lib/gcc/x86_64-linux-gnu/9/include-fixed"]
  ignore line: [ignoring nonexistent directory "/usr/lib/gcc/x86_64-linux-gnu/9/../../../../x86_64-linux-gnu/include"]
  ignore line: [#include "..." search starts here:]
  ignore line: [#include <...> search starts here:]
  ignore line: [ /usr/lib/gcc/x86_64-linux-gnu/9/include]
  ignore line: [ /usr/local/include]
  ignore line: [ /usr/include/x86_64-linux-gnu]
  ignore line: [ /usr/include]
  ignore line: [End of search list.]
  ignore line: [GNU C17 (Ubuntu 9.4.0-1ubuntu1~20.04.2) version 9.4.0 (x86_64-linux-gnu)]
  ignore line: [	compiled by GNU C version 9.4.0  GMP version 6.2.0  MPFR version 4.0.2  MPC version 1.1.0  isl version isl-0.22.1-GMP]
  ignore line: []
  ignore line: [GGC heuristics: --param ggc-min-expand=100 --param ggc-min-heapsize=131072]
  ignore line: [Compiler executable checksum: 01da938ff5dc2163489aa33cb3b747a7]
  ignore line: [COLLECT_GCC_OPTIONS='-v' '-o' 'CMakeFiles/cmTC_b5fcf.dir/CMakeCCompilerABI.c.o' '-c' '-mtune=generic' '-march=x86-64']
  ignore line: [ as -v --64 -o CMakeFiles/cmTC_b5fcf.dir/CMakeCCompilerABI.c.o /tmp/ccqnK9Wb.s]
  ignore line: [GNU assembler version 2.34 (x86_64-linux-gnu) using BFD version (GNU Binutils for Ubuntu) 2.34]
  ignore line: [COMPILER_PATH=/usr/lib/gcc/x86_64-linux-gnu/9/:/usr/lib/gcc/x86_64-linux-gnu/9/:/usr/lib/gcc/x86_64-linux-gnu/:/usr/lib/gcc/x86_64-linux-gnu/9/:/usr/lib/gcc/x86_64-linux-gnu/]
  ignore line: [LIBRARY_PATH=/usr/lib/gcc/x86_64-linux-gnu/9/:/usr/lib/gcc/x86_64-linux-gnu/9/../../../x86_64-linux-gnu/:/usr/lib/gcc/x86_64-linux-gnu/9/../../../../lib/:/lib/x86_64-linux-gnu/:/lib/../lib/:/usr/lib/x86_64-linux-gnu/:/usr/lib/../lib/:/usr/lib/gcc/x86_64-linux-gnu/9/../../../:/lib/:/usr/lib/]
  ignore line: [COLLECT_GCC_OPTIONS='-v' '-o' 'CMakeFiles/cmTC_b5fcf.dir/CMakeCCompilerABI.c.o' '-c' '-mtune=generic' '-march=x86-64']
  ignore line: [Linking C executable cmTC_b5fcf]
  ignore line: [/usr/bin/cmake -E cmake_link_script CMakeFiles/cmTC_b5fcf.dir/link.txt --verbose=1]
  ignore line: [/usr/bin/cc     -v CMakeFiles/cmTC_b5fcf.dir/CMakeCCompilerABI.c.o  -o cmTC_b5fcf ]
  ignore line: [Using built-in specs.]
  ignore line: [COLLECT_GCC=/usr/bin/cc]
  ignore line: [COLLECT_LTO_WRAPPER=/usr/lib/gcc/x86_64-linux-gnu/9/lto-wrapper]
  ignore line: [OFFLOAD_TARGET_NAMES=nvptx-none:hsa]
  ignore line: [OFFLOAD_TARGET_DEFAULT=1]
  ignore line: [Target: x86_64-linux-gnu]
  ignore line: [Configured with: ../src/configure -v --with-pkgversion='Ubuntu 9.4.0-1ubuntu1~20.04.2' --with-bugurl=file:///usr/share/doc/gcc-9/README.Bugs --enable-languages=c ada c++ go brig d fortran objc obj-c++ gm2 --prefix=/usr --with-gcc-major-version-only --program-suffix=-9 --program-prefix=x86_64-linux-gnu- --enable-shared --enable-linker-build-id --libexecdir=/usr/lib --without-included-gettext --enable-threads=posix --libdir=/usr/lib --enable-nls --enable-clocale=gnu --enable-libstdcxx-debug --enable-libstdcxx-time=yes --with-default-libstdcxx-abi=new --enable-gnu-unique-object --disable-vtable-verify --enable-plugin --enable-default-pie --with-system-zlib --with-target-system-zlib=auto --enable-objc-gc=auto --enable-multiarch --disable-werror --with-arch-32=i686 --with-abi=m64 --with-multilib-list=m32 m64 mx32 --enable-multilib --with-tune=generic --enable-offload-targets=nvptx-none=/build/gcc-9-9QDOt0/gcc-9-9.4.0/debian/tmp-nvptx/usr hsa --without-cuda-driver --enable-checking=release --build=x86_64-linux-gnu --host=x86_64-linux-gnu --target=x86_64-linux-gnu]
  ignore line: [Thread model: posix]
  ignore line: [gcc version 9.4.0 (Ubuntu 9.4.0-1ubuntu1~20.04.2) ]
  ignore line: [COMPILER_PATH=/usr/lib/gcc/x86_64-linux-gnu/9/:/usr/lib/gcc/x86_64-linux-gnu/9/:/usr/lib/gcc/x86_64-linux-gnu/:/usr/lib/gcc/x86_64-linux-gnu/9/:/usr/lib/gcc/x86_64-linux-gnu/]
  ignore line: [LIBRARY_PATH=/usr/lib/gcc/x86_64-linux-gnu/9/:/usr/lib/gcc/x86_64-linux-gnu/9/../../../x86_64-linux-gnu/:/usr/lib/gcc/x86_64-linux-gnu/9/../../../../lib/:/lib/x86_64-linux-gnu/:/lib/../lib/:/usr/lib/x86_64-linux-gnu/:/usr/lib/../lib/:/usr/lib/gcc/x86_64-linux-gnu/9/../../../:/lib/:/usr/lib/]
  ignore line: [COLLECT_GCC_OPTIONS='-v' '-o' 'cmTC_b5fcf' '-mtune=generic' '-march=x86-64']
  link line: [ /usr/lib/gcc/x86_64-linux-gnu/9/collect2 -plugin /usr/lib/gcc/x86_64-linux-gnu/9/liblto_plugin.so -plugin-opt=/usr/lib/gcc/x86_64-linux-gnu/9/lto-wrapper -plugin-opt=-fresolution=/tmp/ccEabLrZ.res -plugin-opt=-pass-through=-lgcc -plugin-opt=-pass-through=-lgcc_s -plugin-opt=-pass-through=-lc -plugin-opt=-pass-through=-lgcc -plugin-opt=-pass-through=-lgcc_s --build-id --eh-frame-hdr -m elf_x86_64 --hash-style=gnu --as-needed -dynamic-linker /lib64/ld-linux-x86-64.so.2 -pie -z now -z relro -o cmTC_b5fcf /usr/lib/gcc/x86_64-linux-gnu/9/../../../x86_64-linux-gnu/Scrt1.o /usr/lib/gcc/x86_64-linux-gnu/9/../../../x86_64-linux-gnu/crti.o /usr/lib/gcc/x86_64-linux-gnu/9/crtbeginS.o -L/usr/lib/gcc/x86_64-linux-gnu/9 -L/usr/lib/gcc/x86_64-linux-gnu/9/../../../x86_64-linux-gnu -L/usr/lib/gcc/x86_64-linux-gnu/9/../../../../lib -L/lib/x86_64-linux-gnu -L/lib/../lib -L/usr/lib/x86_64-linux-gnu -L/usr/lib/../lib -L/usr/lib/gcc/x86_64-linux-gnu/9/../../.. CMakeFiles/cmTC_b5fcf.dir/CMakeCCompilerABI.c.o -lgcc --push-state --as-needed -lgcc_s --pop-state -lc -lgcc --push-state --as-needed -lgcc_s --pop-state /usr/lib/gcc/x86_64-linux-gnu/9/crtendS.o /usr/lib/gcc/x86_64-linux-gnu/9/../../../x86_64-linux-gnu/crtn.o]
    arg [/usr/lib/gcc/x86_64-linux-gnu/9/collect2] ==> ignore
    arg [-plugin] ==> ignore
    arg [/usr/lib/gcc/x86_64-linux-gnu/9/liblto_plugin.so] ==> ignore
    arg [-plugin-opt=/usr/lib/gcc/x86_64-linux-gnu/9/lto-wrapper] ==> ignore
    arg [-plugin-opt=-fresolution=/tmp/ccEabLrZ.res] ==> ignore
    arg [-plugin-opt=-pass-through=-lgcc] ==> ignore
    arg [-plugin-opt=-pass-through=-lgcc_s] ==> ignore
    arg [-plugin-opt=-pass-through=-lc] ==> ignore
    arg [-plugin-opt=-pass-through=-lgcc] ==> ignore
    arg [-plugin-opt=-pass-through=-lgcc_s] ==> ignore
    arg [--build-id] ==> ignore
    arg [--eh-frame-hdr] ==> ignore
    arg [-m] ==> ignore
    arg [elf_x86_64] ==> ignore
    arg [--hash-style=gnu] ==> ignore
    arg [--as-needed] ==> ignore
    arg [-dynamic-linker] ==> ignore
    arg [/lib64/ld-linux-x86-64.so.2] ==> ignore
    arg [-pie] ==> ignore
    arg [-znow] ==> ignore
    arg [-zrelro] ==> ignore
    arg [-o] ==> ignore
    arg [cmTC_b5fcf] ==> ignore
    arg [/usr/lib/gcc/x86_64-linux-gnu/9/../../../x86_64-linux-gnu/Scrt1.o] ==> ignore
    arg [/usr/lib/gcc/x86_64-linux-gnu/9/../../../x86_64-linux-gnu/crti.o] ==> ignore
    arg [/usr/lib/gcc/x86_64-linux-gnu/9/crtbeginS.o] ==> ignore
    arg [-L/usr/lib/gcc/x86_64-linux-gnu/9] ==> dir [/usr/lib/gcc/x86_64-linux-gnu/9]
    arg [-L/usr/lib/gcc/x86_64-linux-gnu/9/../../../x86_64-linux-gnu] ==> dir [/usr/lib/gcc/x86_64-linux-gnu/9/../../../x86_64-linux-gnu]
    arg [-L/usr/lib/gcc/x86_64-linux-gnu/9/../../../../lib] ==> dir [/usr/lib/gcc/x86_64-linux-gnu/9/../../../../lib]
    arg [-L/lib/x86_64-linux-gnu] ==> dir [/lib/x86_64-linux-gnu]
    arg [-L/lib/../lib] ==> dir [/lib/../lib]
    arg [-L/usr/lib/x86_64-linux-gnu] ==> dir [/usr/lib/x86_64-linux-gnu]
    arg [-L/usr/lib/../lib] ==> dir [/usr/lib/../lib]
    arg [-L/usr/lib/gcc/x86_64-linux-gnu/9/../../..] ==> dir [/usr/lib/gcc/x86_64-linux-gnu/9/../../..]
    arg [CMakeFiles/cmTC_b5fcf.dir/CMakeCCompilerABI.c.o] ==> ignore
    arg [-lgcc] ==> lib [gcc]
    arg [--push-state] ==> ignore
    arg [--as-needed] ==> ignore
    arg [-lgcc_s] ==> lib [gcc_s]
    arg [--pop-state] ==> ignore
    arg [-lc] ==> lib [c]
    arg [-lgcc] ==> lib [gcc]
    arg [--push-state] ==> ignore
    arg [--as-needed] ==> ignore
    arg [-lgcc_s] ==> lib [gcc_s]
    arg [--pop-state] ==> ignore
    arg [/usr/lib/gcc/x86_64-linux-gnu/9/crtendS.o] ==> ignore
    arg [/usr/lib/gcc/x86_64-linux-gnu/9/../../../x86_64-linux-gnu/crtn.o] ==> ignore
  collapse library dir [/usr/lib/gcc/x86_64-linux-gnu/9] ==> [/usr/lib/gcc/x86_64-linux-gnu/9]
  collapse library dir [/usr/lib/gcc/x86_64-linux-gnu/9/../../../x86_64-linux-gnu] ==> [/usr/lib/x86_64-linux-gnu]
  collapse library dir [/usr/lib/gcc/x86_64-linux-gnu/9/../../../../lib] ==> [/usr/lib]
  collapse library dir [/lib/x86_64-linux-gnu] ==> [/lib/x86_64-linux-gnu]
  collapse library dir [/lib/../lib] ==> [/lib]
  collapse library dir [/usr/lib/x86_64-linux-gnu] ==> [/usr/lib/x86_64-linux-gnu]
  collapse library dir [/usr/lib/../lib] ==> [/usr/lib]
  collapse library dir [/usr/lib/gcc/x86_64-linux-gnu/9/../../..] ==> [/usr/lib]
  implicit libs: [gcc;gcc_s;c;gcc;gcc_s]
  implicit dirs: [/usr/lib/gcc/x86_64-linux-gnu/9;/usr/lib/x86_64-linux-gnu;/usr/lib;/lib/x86_64-linux-gnu;/lib]
  implicit fwks: []


Performing C SOURCE FILE Test HAVE_GCC_WALL succeeded with the following output:
Change Dir: /workspaces/CHIP-8-Emulator/src/SDL3-3.2.16/build/CMakeFiles/CMakeTmp

Run Build Command(s):/usr/bin/make cmTC_c8fa5/fast && /usr/bin/make -f CMakeFiles/cmTC_c8fa5.dir/build.make CMakeFiles/cmTC_c8fa5.dir/build
make[1]: Entering directory '/workspaces/CHIP-8-Emulator/src/SDL3-3.2.16/build/CMakeFiles/CMakeTmp'
Building C object CMakeFiles/cmTC_c8fa5.dir/src.c.o
/usr/bin/cc   -DHAVE_GCC_WALL  -D_GNU_SOURCE=1   -Wall -o CMakeFiles/cmTC_c8fa5.dir/src.c.o   -c /workspaces/CHIP-8-Emulator/src/SDL3-3.2.16/build/CMakeFiles/CMakeTmp/src.c
Linking C executable cmTC_c8fa5
/usr/bin/cmake -E cmake_link_script CMakeFiles/cmTC_c8fa5.dir/link.txt --verbose=1
/usr/bin/cc  -DHAVE_GCC_WALL  -D_GNU_SOURCE=1    CMakeFiles/cmTC_c8fa5.dir/src.c.o  -o cmTC_c8fa5 
make[1]: Leaving directory '/workspaces/CHIP-8-Emulator/src/SDL3-3.2.16/build/CMakeFiles/CMakeTmp'


Source file was:
int main(void) { return 0; }
Performing C SOURCE FILE Test HAVE_GCC_WUNDEF succeeded with the following output:
Change Dir: /workspaces/CHIP-8-Emulator/src/SDL3-3.2.16/build/CMakeFiles/CMakeTmp

Run Build Command(s):/usr/bin/make cmTC_ba421/fast && /usr/bin/make -f CMakeFiles/cmTC_ba421.dir/build.make CMakeFiles/cmTC_ba421.dir/build
make[1]: Entering directory '/workspaces/CHIP-8-Emulator/src/SDL3-3.2.16/build/CMakeFiles/CMakeTmp'
Building C object CMakeFiles/cmTC_ba421.dir/src.c.o
/usr/bin/cc   -DHAVE_GCC_WUNDEF  -D_GNU_SOURCE=1   -Wundef -o CMakeFiles/cmTC_ba421.dir/src.c.o   -c /workspaces/CHIP-8-Emulator/src/SDL3-3.2.16/build/CMakeFiles/CMakeTmp/src.c
Linking C executable cmTC_ba421
/usr/bin/cmake -E cmake_link_script CMakeFiles/cmTC_ba421.dir/link.txt --verbose=1
/usr/bin/cc  -DHAVE_GCC_WUNDEF  -D_GNU_SOURCE=1    CMakeFiles/cmTC_ba421.dir/src.c.o  -o cmTC_ba421 
make[1]: Leaving directory '/workspaces/CHIP-8-Emulator/src/SDL3-3.2.16/build/CMakeFiles/CMakeTmp'


Source file was:
int main(void) { return 0; }
Performing C SOURCE FILE Test HAVE_GCC_WFLOAT_CONVERSION succeeded with the following output:
Change Dir: /workspaces/CHIP-8-Emulator/src/SDL3-3.2.16/build/CMakeFiles/CMakeTmp

Run Build Command(s):/usr/bin/make cmTC_04ad2/fast && /usr/bin/make -f CMakeFiles/cmTC_04ad2.dir/build.make CMakeFiles/cmTC_04ad2.dir/build
make[1]: Entering directory '/workspaces/CHIP-8-Emulator/src/SDL3-3.2.16/build/CMakeFiles/CMakeTmp'
Building C object CMakeFiles/cmTC_04ad2.dir/src.c.o
/usr/bin/cc   -DHAVE_GCC_WFLOAT_CONVERSION  -D_GNU_SOURCE=1   -Wfloat-conversion -o CMakeFiles/cmTC_04ad2.dir/src.c.o   -c /workspaces/CHIP-8-Emulator/src/SDL3-3.2.16/build/CMakeFiles/CMakeTmp/src.c
Linking C executable cmTC_04ad2
/usr/bin/cmake -E cmake_link_script CMakeFiles/cmTC_04ad2.dir/link.txt --verbose=1
/usr/bin/cc  -DHAVE_GCC_WFLOAT_CONVERSION  -D_GNU_SOURCE=1    CMakeFiles/cmTC_04ad2.dir/src.c.o  -o cmTC_04ad2 
make[1]: Leaving directory '/workspaces/CHIP-8-Emulator/src/SDL3-3.2.16/build/CMakeFiles/CMakeTmp'


Source file was:
int main(void) { return 0; }
Performing C SOURCE FILE Test HAVE_GCC_NO_STRICT_ALIASING succeeded with the following output:
Change Dir: /workspaces/CHIP-8-Emulator/src/SDL3-3.2.16/build/CMakeFiles/CMakeTmp

Run Build Command(s):/usr/bin/make cmTC_97802/fast && /usr/bin/make -f CMakeFiles/cmTC_97802.dir/build.make CMakeFiles/cmTC_97802.dir/build
make[1]: Entering directory '/workspaces/CHIP-8-Emulator/src/SDL3-3.2.16/build/CMakeFiles/CMakeTmp'
Building C object CMakeFiles/cmTC_97802.dir/src.c.o
/usr/bin/cc   -DHAVE_GCC_NO_STRICT_ALIASING  -D_GNU_SOURCE=1   -fno-strict-aliasing -o CMakeFiles/cmTC_97802.dir/src.c.o   -c /workspaces/CHIP-8-Emulator/src/SDL3-3.2.16/build/CMakeFiles/CMakeTmp/src.c
Linking C executable cmTC_97802
/usr/bin/cmake -E cmake_link_script CMakeFiles/cmTC_97802.dir/link.txt --verbose=1
/usr/bin/cc  -DHAVE_GCC_NO_STRICT_ALIASING  -D_GNU_SOURCE=1    CMakeFiles/cmTC_97802.dir/src.c.o  -o cmTC_97802 
make[1]: Leaving directory '/workspaces/CHIP-8-Emulator/src/SDL3-3.2.16/build/CMakeFiles/CMakeTmp'


Source file was:
int main(void) { return 0; }
Performing C SOURCE FILE Test HAVE_GCC_WSHADOW succeeded with the following output:
Change Dir: /workspaces/CHIP-8-Emulator/src/SDL3-3.2.16/build/CMakeFiles/CMakeTmp

Run Build Command(s):/usr/bin/make cmTC_3de26/fast && /usr/bin/make -f CMakeFiles/cmTC_3de26.dir/build.make CMakeFiles/cmTC_3de26.dir/build
make[1]: Entering directory '/workspaces/CHIP-8-Emulator/src/SDL3-3.2.16/build/CMakeFiles/CMakeTmp'
Building C object CMakeFiles/cmTC_3de26.dir/src.c.o
/usr/bin/cc   -DHAVE_GCC_WSHADOW  -D_GNU_SOURCE=1   -Wshadow -o CMakeFiles/cmTC_3de26.dir/src.c.o   -c /workspaces/CHIP-8-Emulator/src/SDL3-3.2.16/build/CMakeFiles/CMakeTmp/src.c
Linking C executable cmTC_3de26
/usr/bin/cmake -E cmake_link_script CMakeFiles/cmTC_3de26.dir/link.txt --verbose=1
/usr/bin/cc  -DHAVE_GCC_WSHADOW  -D_GNU_SOURCE=1    CMakeFiles/cmTC_3de26.dir/src.c.o  -o cmTC_3de26 
make[1]: Leaving directory '/workspaces/CHIP-8-Emulator/src/SDL3-3.2.16/build/CMakeFiles/CMakeTmp'


Source file was:
int main(void) { return 0; }
Performing C SOURCE FILE Test HAVE_GCC_WUNUSED_LOCAL_TYPEDEFS succeeded with the following output:
Change Dir: /workspaces/CHIP-8-Emulator/src/SDL3-3.2.16/build/CMakeFiles/CMakeTmp

Run Build Command(s):/usr/bin/make cmTC_34504/fast && /usr/bin/make -f CMakeFiles/cmTC_34504.dir/build.make CMakeFiles/cmTC_34504.dir/build
make[1]: Entering directory '/workspaces/CHIP-8-Emulator/src/SDL3-3.2.16/build/CMakeFiles/CMakeTmp'
Building C object CMakeFiles/cmTC_34504.dir/src.c.o
/usr/bin/cc   -DHAVE_GCC_WUNUSED_LOCAL_TYPEDEFS  -D_GNU_SOURCE=1   -Wunused-local-typedefs -o CMakeFiles/cmTC_34504.dir/src.c.o   -c /workspaces/CHIP-8-Emulator/src/SDL3-3.2.16/build/CMakeFiles/CMakeTmp/src.c
Linking C executable cmTC_34504
/usr/bin/cmake -E cmake_link_script CMakeFiles/cmTC_34504.dir/link.txt --verbose=1
/usr/bin/cc  -DHAVE_GCC_WUNUSED_LOCAL_TYPEDEFS  -D_GNU_SOURCE=1    CMakeFiles/cmTC_34504.dir/src.c.o  -o cmTC_34504 
make[1]: Leaving directory '/workspaces/CHIP-8-Emulator/src/SDL3-3.2.16/build/CMakeFiles/CMakeTmp'


Source file was:
int main(void) { return 0; }
Performing C SOURCE FILE Test HAVE_GCC_WIMPLICIT_FALLTHROUGH succeeded with the following output:
Change Dir: /workspaces/CHIP-8-Emulator/src/SDL3-3.2.16/build/CMakeFiles/CMakeTmp

Run Build Command(s):/usr/bin/make cmTC_ff45c/fast && /usr/bin/make -f CMakeFiles/cmTC_ff45c.dir/build.make CMakeFiles/cmTC_ff45c.dir/build
make[1]: Entering directory '/workspaces/CHIP-8-Emulator/src/SDL3-3.2.16/build/CMakeFiles/CMakeTmp'
Building C object CMakeFiles/cmTC_ff45c.dir/src.c.o
/usr/bin/cc   -DHAVE_GCC_WIMPLICIT_FALLTHROUGH  -D_GNU_SOURCE=1   -Wimplicit-fallthrough -o CMakeFiles/cmTC_ff45c.dir/src.c.o   -c /workspaces/CHIP-8-Emulator/src/SDL3-3.2.16/build/CMakeFiles/CMakeTmp/src.c
Linking C executable cmTC_ff45c
/usr/bin/cmake -E cmake_link_script CMakeFiles/cmTC_ff45c.dir/link.txt --verbose=1
/usr/bin/cc  -DHAVE_GCC_WIMPLICIT_FALLTHROUGH  -D_GNU_SOURCE=1    CMakeFiles/cmTC_ff45c.dir/src.c.o  -o cmTC_ff45c 
make[1]: Leaving directory '/workspaces/CHIP-8-Emulator/src/SDL3-3.2.16/build/CMakeFiles/CMakeTmp'


Source file was:
int main(void) { return 0; }
Performing C SOURCE FILE Test COMPILER_SUPPORTS_FDIAGNOSTICS_COLOR_ALWAYS succeeded with the following output:
Change Dir: /workspaces/CHIP-8-Emulator/src/SDL3-3.2.16/build/CMakeFiles/CMakeTmp

Run Build Command(s):/usr/bin/make cmTC_8272e/fast && /usr/bin/make -f CMakeFiles/cmTC_8272e.dir/build.make CMakeFiles/cmTC_8272e.dir/build
make[1]: Entering directory '/workspaces/CHIP-8-Emulator/src/SDL3-3.2.16/build/CMakeFiles/CMakeTmp'
Building C object CMakeFiles/cmTC_8272e.dir/src.c.o
/usr/bin/cc   -DCOMPILER_SUPPORTS_FDIAGNOSTICS_COLOR_ALWAYS  -D_GNU_SOURCE=1   -fdiagnostics-color=always -o CMakeFiles/cmTC_8272e.dir/src.c.o   -c /workspaces/CHIP-8-Emulator/src/SDL3-3.2.16/build/CMakeFiles/CMakeTmp/src.c
Linking C executable cmTC_8272e
/usr/bin/cmake -E cmake_link_script CMakeFiles/cmTC_8272e.dir/link.txt --verbose=1
/usr/bin/cc  -DCOMPILER_SUPPORTS_FDIAGNOSTICS_COLOR_ALWAYS  -D_GNU_SOURCE=1    CMakeFiles/cmTC_8272e.dir/src.c.o  -o cmTC_8272e 
make[1]: Leaving directory '/workspaces/CHIP-8-Emulator/src/SDL3-3.2.16/build/CMakeFiles/CMakeTmp'


Source file was:
int main(void) { return 0; }
Determining if the __GLIBC__ exist passed with the following output:
Change Dir: /workspaces/CHIP-8-Emulator/src/SDL3-3.2.16/build/CMakeFiles/CMakeTmp

Run Build Command(s):/usr/bin/make cmTC_59e70/fast && /usr/bin/make -f CMakeFiles/cmTC_59e70.dir/build.make CMakeFiles/cmTC_59e70.dir/build
make[1]: Entering directory '/workspaces/CHIP-8-Emulator/src/SDL3-3.2.16/build/CMakeFiles/CMakeTmp'
Building C object CMakeFiles/cmTC_59e70.dir/CheckSymbolExists.c.o
/usr/bin/cc   -D_GNU_SOURCE=1   -o CMakeFiles/cmTC_59e70.dir/CheckSymbolExists.c.o   -c /workspaces/CHIP-8-Emulator/src/SDL3-3.2.16/build/CMakeFiles/CMakeTmp/CheckSymbolExists.c
Linking C executable cmTC_59e70
/usr/bin/cmake -E cmake_link_script CMakeFiles/cmTC_59e70.dir/link.txt --verbose=1
/usr/bin/cc   -D_GNU_SOURCE=1    CMakeFiles/cmTC_59e70.dir/CheckSymbolExists.c.o  -o cmTC_59e70 
make[1]: Leaving directory '/workspaces/CHIP-8-Emulator/src/SDL3-3.2.16/build/CMakeFiles/CMakeTmp'


File /workspaces/CHIP-8-Emulator/src/SDL3-3.2.16/build/CMakeFiles/CMakeTmp/CheckSymbolExists.c:
/* */
#include <stdlib.h>

int main(int argc, char** argv)
{
  (void)argv;
#ifndef __GLIBC__
  return ((int*)(&__GLIBC__))[argc];
#else
  (void)argc;
  return 0;
#endif
}
Performing C SOURCE FILE Test LINKER_SUPPORTS_VERSION_SCRIPT succeeded with the following output:
Change Dir: /workspaces/CHIP-8-Emulator/src/SDL3-3.2.16/build/CMakeFiles/CMakeTmp

Run Build Command(s):/usr/bin/make cmTC_c5840/fast && /usr/bin/make -f CMakeFiles/cmTC_c5840.dir/build.make CMakeFiles/cmTC_c5840.dir/build
make[1]: Entering directory '/workspaces/CHIP-8-Emulator/src/SDL3-3.2.16/build/CMakeFiles/CMakeTmp'
Building C object CMakeFiles/cmTC_c5840.dir/src.c.o
/usr/bin/cc   -DLINKER_SUPPORTS_VERSION_SCRIPT   -o CMakeFiles/cmTC_c5840.dir/src.c.o   -c /workspaces/CHIP-8-Emulator/src/SDL3-3.2.16/build/CMakeFiles/CMakeTmp/src.c
Linking C executable cmTC_c5840
/usr/bin/cmake -E cmake_link_script CMakeFiles/cmTC_c5840.dir/link.txt --verbose=1
/usr/bin/cc  -DLINKER_SUPPORTS_VERSION_SCRIPT    -Wl,--version-script=/workspaces/CHIP-8-Emulator/src/SDL3-3.2.16/build/CMakeFiles/dummy.sym CMakeFiles/cmTC_c5840.dir/src.c.o  -o cmTC_c5840 
make[1]: Leaving directory '/workspaces/CHIP-8-Emulator/src/SDL3-3.2.16/build/CMakeFiles/CMakeTmp'


Source file was:
int func(void) {return 0;} int main(int argc,char*argv[]){(void)argc;(void)argv;return func();}
Performing C SOURCE FILE Test COMPILER_SUPPORTS_GCC_ATOMICS succeeded with the following output:
Change Dir: /workspaces/CHIP-8-Emulator/src/SDL3-3.2.16/build/CMakeFiles/CMakeTmp

Run Build Command(s):/usr/bin/make cmTC_8e533/fast && /usr/bin/make -f CMakeFiles/cmTC_8e533.dir/build.make CMakeFiles/cmTC_8e533.dir/build
make[1]: Entering directory '/workspaces/CHIP-8-Emulator/src/SDL3-3.2.16/build/CMakeFiles/CMakeTmp'
Building C object CMakeFiles/cmTC_8e533.dir/src.c.o
/usr/bin/cc   -DCOMPILER_SUPPORTS_GCC_ATOMICS  -D_GNU_SOURCE=1   -o CMakeFiles/cmTC_8e533.dir/src.c.o   -c /workspaces/CHIP-8-Emulator/src/SDL3-3.2.16/build/CMakeFiles/CMakeTmp/src.c
Linking C executable cmTC_8e533
/usr/bin/cmake -E cmake_link_script CMakeFiles/cmTC_8e533.dir/link.txt --verbose=1
/usr/bin/cc  -DCOMPILER_SUPPORTS_GCC_ATOMICS  -D_GNU_SOURCE=1    CMakeFiles/cmTC_8e533.dir/src.c.o  -o cmTC_8e533 
make[1]: Leaving directory '/workspaces/CHIP-8-Emulator/src/SDL3-3.2.16/build/CMakeFiles/CMakeTmp'


Source file was:
int main(int argc, char **argv) {
        int a;
        void *x, *y, *z;
        __sync_lock_test_and_set(&a, 4);
        __sync_lock_test_and_set(&x, y);
        __sync_fetch_and_add(&a, 1);
        __sync_bool_compare_and_swap(&a, 5, 10);
        __sync_bool_compare_and_swap(&x, y, z);
        return 0; }
Performing C SOURCE FILE Test HAVE_GCC_FVISIBILITY succeeded with the following output:
Change Dir: /workspaces/CHIP-8-Emulator/src/SDL3-3.2.16/build/CMakeFiles/CMakeTmp

Run Build Command(s):/usr/bin/make cmTC_568e9/fast && /usr/bin/make -f CMakeFiles/cmTC_568e9.dir/build.make CMakeFiles/cmTC_568e9.dir/build
make[1]: Entering directory '/workspaces/CHIP-8-Emulator/src/SDL3-3.2.16/build/CMakeFiles/CMakeTmp'
Building C object CMakeFiles/cmTC_568e9.dir/src.c.o
/usr/bin/cc   -DHAVE_GCC_FVISIBILITY  -D_GNU_SOURCE=1 -fvisibility=hidden -Werror   -o CMakeFiles/cmTC_568e9.dir/src.c.o   -c /workspaces/CHIP-8-Emulator/src/SDL3-3.2.16/build/CMakeFiles/CMakeTmp/src.c
Linking C executable cmTC_568e9
/usr/bin/cmake -E cmake_link_script CMakeFiles/cmTC_568e9.dir/link.txt --verbose=1
/usr/bin/cc  -DHAVE_GCC_FVISIBILITY  -D_GNU_SOURCE=1 -fvisibility=hidden -Werror    CMakeFiles/cmTC_568e9.dir/src.c.o  -o cmTC_568e9 
make[1]: Leaving directory '/workspaces/CHIP-8-Emulator/src/SDL3-3.2.16/build/CMakeFiles/CMakeTmp'


Source file was:

      #if !defined(__GNUC__) || __GNUC__ < 4
      #error SDL only uses visibility attributes in GCC 4 or newer
      #endif
      __attribute__((visibility("default"))) int foo(void);
      __attribute__((visibility("hidden")))  int bar(void);
      int foo(void) { return 0; }
      int bar(void) { return 1; }
      int main(void) { return 0; }
Performing C SOURCE FILE Test LINKER_SUPPORTS_WL_NO_UNDEFINED succeeded with the following output:
Change Dir: /workspaces/CHIP-8-Emulator/src/SDL3-3.2.16/build/CMakeFiles/CMakeTmp

Run Build Command(s):/usr/bin/make cmTC_da96e/fast && /usr/bin/make -f CMakeFiles/cmTC_da96e.dir/build.make CMakeFiles/cmTC_da96e.dir/build
make[1]: Entering directory '/workspaces/CHIP-8-Emulator/src/SDL3-3.2.16/build/CMakeFiles/CMakeTmp'
Building C object CMakeFiles/cmTC_da96e.dir/src.c.o
/usr/bin/cc   -DLINKER_SUPPORTS_WL_NO_UNDEFINED   -o CMakeFiles/cmTC_da96e.dir/src.c.o   -c /workspaces/CHIP-8-Emulator/src/SDL3-3.2.16/build/CMakeFiles/CMakeTmp/src.c
Linking C executable cmTC_da96e
/usr/bin/cmake -E cmake_link_script CMakeFiles/cmTC_da96e.dir/link.txt --verbose=1
/usr/bin/cc  -DLINKER_SUPPORTS_WL_NO_UNDEFINED    -Wl,--no-undefined CMakeFiles/cmTC_da96e.dir/src.c.o  -o cmTC_da96e 
make[1]: Leaving directory '/workspaces/CHIP-8-Emulator/src/SDL3-3.2.16/build/CMakeFiles/CMakeTmp'


Source file was:
int main(int argc,char*argv[]){(void)argc;(void)argv;return 0;}
Performing C SOURCE FILE Test COMPILER_SUPPORTS_MMX succeeded with the following output:
Change Dir: /workspaces/CHIP-8-Emulator/src/SDL3-3.2.16/build/CMakeFiles/CMakeTmp

Run Build Command(s):/usr/bin/make cmTC_d3d4d/fast && /usr/bin/make -f CMakeFiles/cmTC_d3d4d.dir/build.make CMakeFiles/cmTC_d3d4d.dir/build
make[1]: Entering directory '/workspaces/CHIP-8-Emulator/src/SDL3-3.2.16/build/CMakeFiles/CMakeTmp'
Building C object CMakeFiles/cmTC_d3d4d.dir/src.c.o
/usr/bin/cc   -DCOMPILER_SUPPORTS_MMX  -D_GNU_SOURCE=1 -mmmx   -o CMakeFiles/cmTC_d3d4d.dir/src.c.o   -c /workspaces/CHIP-8-Emulator/src/SDL3-3.2.16/build/CMakeFiles/CMakeTmp/src.c
Linking C executable cmTC_d3d4d
/usr/bin/cmake -E cmake_link_script CMakeFiles/cmTC_d3d4d.dir/link.txt --verbose=1
/usr/bin/cc  -DCOMPILER_SUPPORTS_MMX  -D_GNU_SOURCE=1 -mmmx    CMakeFiles/cmTC_d3d4d.dir/src.c.o  -o cmTC_d3d4d 
make[1]: Leaving directory '/workspaces/CHIP-8-Emulator/src/SDL3-3.2.16/build/CMakeFiles/CMakeTmp'


Source file was:

      #include <mmintrin.h>
      void ints_add(int *dest, int *a, int *b, unsigned size) {
        for (; size >= 2; size -= 2, dest += 2, a += 2, b += 2) {
          *(__m64*)dest = _mm_add_pi32(*(__m64*)a, *(__m64*)b);
        }
      }
      int main(int argc, char *argv[]) {
        ints_add((int*)0, (int*)0, (int*)0, 0);
        return 0;
      }
Performing C SOURCE FILE Test COMPILER_SUPPORTS_SSE succeeded with the following output:
Change Dir: /workspaces/CHIP-8-Emulator/src/SDL3-3.2.16/build/CMakeFiles/CMakeTmp

Run Build Command(s):/usr/bin/make cmTC_11b2b/fast && /usr/bin/make -f CMakeFiles/cmTC_11b2b.dir/build.make CMakeFiles/cmTC_11b2b.dir/build
make[1]: Entering directory '/workspaces/CHIP-8-Emulator/src/SDL3-3.2.16/build/CMakeFiles/CMakeTmp'
Building C object CMakeFiles/cmTC_11b2b.dir/src.c.o
/usr/bin/cc   -DCOMPILER_SUPPORTS_SSE  -D_GNU_SOURCE=1 -msse   -o CMakeFiles/cmTC_11b2b.dir/src.c.o   -c /workspaces/CHIP-8-Emulator/src/SDL3-3.2.16/build/CMakeFiles/CMakeTmp/src.c
Linking C executable cmTC_11b2b
/usr/bin/cmake -E cmake_link_script CMakeFiles/cmTC_11b2b.dir/link.txt --verbose=1
/usr/bin/cc  -DCOMPILER_SUPPORTS_SSE  -D_GNU_SOURCE=1 -msse    CMakeFiles/cmTC_11b2b.dir/src.c.o  -o cmTC_11b2b 
make[1]: Leaving directory '/workspaces/CHIP-8-Emulator/src/SDL3-3.2.16/build/CMakeFiles/CMakeTmp'


Source file was:

      #include <xmmintrin.h>
      void floats_add(float *dest, float *a, float *b, unsigned size) {
        for (; size >= 4; size -= 4, dest += 4, a += 4, b += 4) {
          _mm_storeu_ps(dest, _mm_add_ps(_mm_loadu_ps(a), _mm_loadu_ps (b)));
        }
      }
      int main(int argc, char **argv) {
        floats_add((float*)0, (float*)0, (float*)0, 0);
        return 0;
      }
Performing C SOURCE FILE Test COMPILER_SUPPORTS_SSE2 succeeded with the following output:
Change Dir: /workspaces/CHIP-8-Emulator/src/SDL3-3.2.16/build/CMakeFiles/CMakeTmp

Run Build Command(s):/usr/bin/make cmTC_d556b/fast && /usr/bin/make -f CMakeFiles/cmTC_d556b.dir/build.make CMakeFiles/cmTC_d556b.dir/build
make[1]: Entering directory '/workspaces/CHIP-8-Emulator/src/SDL3-3.2.16/build/CMakeFiles/CMakeTmp'
Building C object CMakeFiles/cmTC_d556b.dir/src.c.o
/usr/bin/cc   -DCOMPILER_SUPPORTS_SSE2  -D_GNU_SOURCE=1 -msse2   -o CMakeFiles/cmTC_d556b.dir/src.c.o   -c /workspaces/CHIP-8-Emulator/src/SDL3-3.2.16/build/CMakeFiles/CMakeTmp/src.c
Linking C executable cmTC_d556b
/usr/bin/cmake -E cmake_link_script CMakeFiles/cmTC_d556b.dir/link.txt --verbose=1
/usr/bin/cc  -DCOMPILER_SUPPORTS_SSE2  -D_GNU_SOURCE=1 -msse2    CMakeFiles/cmTC_d556b.dir/src.c.o  -o cmTC_d556b 
make[1]: Leaving directory '/workspaces/CHIP-8-Emulator/src/SDL3-3.2.16/build/CMakeFiles/CMakeTmp'


Source file was:

      #include <emmintrin.h>
      void doubles_add(double *dest, double *a, double *b, unsigned size) {
        for (; size >= 4; size -= 4, dest += 4, a += 4, b += 4) {
          _mm_store_pd(dest, _mm_add_pd(_mm_loadu_pd(a), _mm_loadu_pd(b)));
        }
      }
      int main(int argc, char **argv) {
        doubles_add((double*)0, (double*)0, (double*)0, 0);
        return 0;
      }
Performing C SOURCE FILE Test COMPILER_SUPPORTS_SSE3 succeeded with the following output:
Change Dir: /workspaces/CHIP-8-Emulator/src/SDL3-3.2.16/build/CMakeFiles/CMakeTmp

Run Build Command(s):/usr/bin/make cmTC_3eb45/fast && /usr/bin/make -f CMakeFiles/cmTC_3eb45.dir/build.make CMakeFiles/cmTC_3eb45.dir/build
make[1]: Entering directory '/workspaces/CHIP-8-Emulator/src/SDL3-3.2.16/build/CMakeFiles/CMakeTmp'
Building C object CMakeFiles/cmTC_3eb45.dir/src.c.o
/usr/bin/cc   -DCOMPILER_SUPPORTS_SSE3  -D_GNU_SOURCE=1 -msse3   -o CMakeFiles/cmTC_3eb45.dir/src.c.o   -c /workspaces/CHIP-8-Emulator/src/SDL3-3.2.16/build/CMakeFiles/CMakeTmp/src.c
Linking C executable cmTC_3eb45
/usr/bin/cmake -E cmake_link_script CMakeFiles/cmTC_3eb45.dir/link.txt --verbose=1
/usr/bin/cc  -DCOMPILER_SUPPORTS_SSE3  -D_GNU_SOURCE=1 -msse3    CMakeFiles/cmTC_3eb45.dir/src.c.o  -o cmTC_3eb45 
make[1]: Leaving directory '/workspaces/CHIP-8-Emulator/src/SDL3-3.2.16/build/CMakeFiles/CMakeTmp'


Source file was:

      #include <pmmintrin.h>
      void ints_add(int *dest, int *a, int *b, unsigned size) {
        for (; size >= 4; size -= 4, dest += 4, a += 4, b += 4) {
          _mm_storeu_si128((__m128i*)dest, _mm_add_epi32(_mm_lddqu_si128((__m128i*)a), _mm_lddqu_si128((__m128i*)b)));
        }
      }
      int main(int argc, char **argv) {
        ints_add((int*)0, (int*)0, (int*)0, 0);
        return 0;
      }
Performing C SOURCE FILE Test COMPILER_SUPPORTS_SSE4_1 succeeded with the following output:
Change Dir: /workspaces/CHIP-8-Emulator/src/SDL3-3.2.16/build/CMakeFiles/CMakeTmp

Run Build Command(s):/usr/bin/make cmTC_8c556/fast && /usr/bin/make -f CMakeFiles/cmTC_8c556.dir/build.make CMakeFiles/cmTC_8c556.dir/build
make[1]: Entering directory '/workspaces/CHIP-8-Emulator/src/SDL3-3.2.16/build/CMakeFiles/CMakeTmp'
Building C object CMakeFiles/cmTC_8c556.dir/src.c.o
/usr/bin/cc   -DCOMPILER_SUPPORTS_SSE4_1  -D_GNU_SOURCE=1 -msse4.1   -o CMakeFiles/cmTC_8c556.dir/src.c.o   -c /workspaces/CHIP-8-Emulator/src/SDL3-3.2.16/build/CMakeFiles/CMakeTmp/src.c
Linking C executable cmTC_8c556
/usr/bin/cmake -E cmake_link_script CMakeFiles/cmTC_8c556.dir/link.txt --verbose=1
/usr/bin/cc  -DCOMPILER_SUPPORTS_SSE4_1  -D_GNU_SOURCE=1 -msse4.1    CMakeFiles/cmTC_8c556.dir/src.c.o  -o cmTC_8c556 
make[1]: Leaving directory '/workspaces/CHIP-8-Emulator/src/SDL3-3.2.16/build/CMakeFiles/CMakeTmp'


Source file was:

      #include <smmintrin.h>
      void ints_mul(int *dest, int *a, int *b, unsigned size) {
        for (; size >= 4; size -= 4, dest += 4, a += 4, b += 4) {
          _mm_storeu_si128((__m128i*)dest, _mm_mullo_epi32(_mm_lddqu_si128((__m128i*)a), _mm_lddqu_si128((__m128i*)b)));
        }
      }
      int main(int argc, char **argv) {
        ints_mul((int*)0, (int*)0, (int*)0, 0);
        return 0;
      }
Performing C SOURCE FILE Test COMPILER_SUPPORTS_SSE4_2 succeeded with the following output:
Change Dir: /workspaces/CHIP-8-Emulator/src/SDL3-3.2.16/build/CMakeFiles/CMakeTmp

Run Build Command(s):/usr/bin/make cmTC_e03db/fast && /usr/bin/make -f CMakeFiles/cmTC_e03db.dir/build.make CMakeFiles/cmTC_e03db.dir/build
make[1]: Entering directory '/workspaces/CHIP-8-Emulator/src/SDL3-3.2.16/build/CMakeFiles/CMakeTmp'
Building C object CMakeFiles/cmTC_e03db.dir/src.c.o
/usr/bin/cc   -DCOMPILER_SUPPORTS_SSE4_2  -D_GNU_SOURCE=1 -msse4.2 -mcrc32   -o CMakeFiles/cmTC_e03db.dir/src.c.o   -c /workspaces/CHIP-8-Emulator/src/SDL3-3.2.16/build/CMakeFiles/CMakeTmp/src.c
Linking C executable cmTC_e03db
/usr/bin/cmake -E cmake_link_script CMakeFiles/cmTC_e03db.dir/link.txt --verbose=1
/usr/bin/cc  -DCOMPILER_SUPPORTS_SSE4_2  -D_GNU_SOURCE=1 -msse4.2 -mcrc32    CMakeFiles/cmTC_e03db.dir/src.c.o  -o cmTC_e03db 
make[1]: Leaving directory '/workspaces/CHIP-8-Emulator/src/SDL3-3.2.16/build/CMakeFiles/CMakeTmp'


Source file was:

      #include <nmmintrin.h>
      unsigned calc_crc32c(const char *text, unsigned len) {
          unsigned crc32c = ~0;
          for (; len >= 4; len -= 4, text += 4) {
            crc32c = (unsigned)_mm_crc32_u32(crc32c, *(unsigned*)text);
          }
          return crc32c;
      }
      int main(int argc, char **argv) {
        calc_crc32c("SDL_SSE4",8);
        return 0;
      }
Performing C SOURCE FILE Test COMPILER_SUPPORTS_AVX succeeded with the following output:
Change Dir: /workspaces/CHIP-8-Emulator/src/SDL3-3.2.16/build/CMakeFiles/CMakeTmp

Run Build Command(s):/usr/bin/make cmTC_0b24a/fast && /usr/bin/make -f CMakeFiles/cmTC_0b24a.dir/build.make CMakeFiles/cmTC_0b24a.dir/build
make[1]: Entering directory '/workspaces/CHIP-8-Emulator/src/SDL3-3.2.16/build/CMakeFiles/CMakeTmp'
Building C object CMakeFiles/cmTC_0b24a.dir/src.c.o
/usr/bin/cc   -DCOMPILER_SUPPORTS_AVX  -D_GNU_SOURCE=1 -mavx   -o CMakeFiles/cmTC_0b24a.dir/src.c.o   -c /workspaces/CHIP-8-Emulator/src/SDL3-3.2.16/build/CMakeFiles/CMakeTmp/src.c
Linking C executable cmTC_0b24a
/usr/bin/cmake -E cmake_link_script CMakeFiles/cmTC_0b24a.dir/link.txt --verbose=1
/usr/bin/cc  -DCOMPILER_SUPPORTS_AVX  -D_GNU_SOURCE=1 -mavx    CMakeFiles/cmTC_0b24a.dir/src.c.o  -o cmTC_0b24a 
make[1]: Leaving directory '/workspaces/CHIP-8-Emulator/src/SDL3-3.2.16/build/CMakeFiles/CMakeTmp'


Source file was:

      #include <immintrin.h>
      void floats_add(float *dest, float *a, float *b, unsigned size) {
        for (; size >= 8; size -= 8, dest += 8, a += 8, b += 8) {
          _mm256_storeu_ps(dest, _mm256_add_ps(_mm256_loadu_ps(a), _mm256_loadu_ps(b)));
        }
      }
      int main(int argc, char **argv) {
        floats_add((float*)0, (float*)0, (float*)0, 0);
        return 0;
      }
Performing C SOURCE FILE Test COMPILER_SUPPORTS_AVX2 succeeded with the following output:
Change Dir: /workspaces/CHIP-8-Emulator/src/SDL3-3.2.16/build/CMakeFiles/CMakeTmp

Run Build Command(s):/usr/bin/make cmTC_51055/fast && /usr/bin/make -f CMakeFiles/cmTC_51055.dir/build.make CMakeFiles/cmTC_51055.dir/build
make[1]: Entering directory '/workspaces/CHIP-8-Emulator/src/SDL3-3.2.16/build/CMakeFiles/CMakeTmp'
Building C object CMakeFiles/cmTC_51055.dir/src.c.o
/usr/bin/cc   -DCOMPILER_SUPPORTS_AVX2  -D_GNU_SOURCE=1 -mavx2   -o CMakeFiles/cmTC_51055.dir/src.c.o   -c /workspaces/CHIP-8-Emulator/src/SDL3-3.2.16/build/CMakeFiles/CMakeTmp/src.c
Linking C executable cmTC_51055
/usr/bin/cmake -E cmake_link_script CMakeFiles/cmTC_51055.dir/link.txt --verbose=1
/usr/bin/cc  -DCOMPILER_SUPPORTS_AVX2  -D_GNU_SOURCE=1 -mavx2    CMakeFiles/cmTC_51055.dir/src.c.o  -o cmTC_51055 
make[1]: Leaving directory '/workspaces/CHIP-8-Emulator/src/SDL3-3.2.16/build/CMakeFiles/CMakeTmp'


Source file was:

      #include <immintrin.h>
      void ints_add(int *dest, int *a, int *b, unsigned size) {
        for (; size >= 8; size -= 8, dest += 8, a += 8, b += 8) {
          _mm256_storeu_si256((__m256i*)dest, _mm256_add_epi32(_mm256_loadu_si256((__m256i*)a), _mm256_loadu_si256((__m256i*)b)));
        }
      }
      int main(int argc, char **argv) {
        ints_add((int*)0, (int*)0, (int*)0, 0);
        return 0;
      }
Performing C SOURCE FILE Test COMPILER_SUPPORTS_AVX512F succeeded with the following output:
Change Dir: /workspaces/CHIP-8-Emulator/src/SDL3-3.2.16/build/CMakeFiles/CMakeTmp

Run Build Command(s):/usr/bin/make cmTC_44bfa/fast && /usr/bin/make -f CMakeFiles/cmTC_44bfa.dir/build.make CMakeFiles/cmTC_44bfa.dir/build
make[1]: Entering directory '/workspaces/CHIP-8-Emulator/src/SDL3-3.2.16/build/CMakeFiles/CMakeTmp'
Building C object CMakeFiles/cmTC_44bfa.dir/src.c.o
/usr/bin/cc   -DCOMPILER_SUPPORTS_AVX512F  -D_GNU_SOURCE=1 -mavx512f   -o CMakeFiles/cmTC_44bfa.dir/src.c.o   -c /workspaces/CHIP-8-Emulator/src/SDL3-3.2.16/build/CMakeFiles/CMakeTmp/src.c
Linking C executable cmTC_44bfa
/usr/bin/cmake -E cmake_link_script CMakeFiles/cmTC_44bfa.dir/link.txt --verbose=1
/usr/bin/cc  -DCOMPILER_SUPPORTS_AVX512F  -D_GNU_SOURCE=1 -mavx512f    CMakeFiles/cmTC_44bfa.dir/src.c.o  -o cmTC_44bfa 
make[1]: Leaving directory '/workspaces/CHIP-8-Emulator/src/SDL3-3.2.16/build/CMakeFiles/CMakeTmp'


Source file was:

      #include <immintrin.h>
      void floats_add(float *dest, float *a, float *b, unsigned size) {
        for (; size >= 16; size -= 16, dest += 16, a += 16, b += 16) {
          _mm512_storeu_ps(dest, _mm512_add_ps(_mm512_loadu_ps(a), _mm512_loadu_ps(b)));
        }
      }
      int main(int argc, char **argv) {
        floats_add((float*)0, (float*)0, (float*)0, 0);
        return 0;
      }
Determining if the include file alloca.h exists passed with the following output:
Change Dir: /workspaces/CHIP-8-Emulator/src/SDL3-3.2.16/build/CMakeFiles/CMakeTmp

Run Build Command(s):/usr/bin/make cmTC_f0b27/fast && /usr/bin/make -f CMakeFiles/cmTC_f0b27.dir/build.make CMakeFiles/cmTC_f0b27.dir/build
make[1]: Entering directory '/workspaces/CHIP-8-Emulator/src/SDL3-3.2.16/build/CMakeFiles/CMakeTmp'
Building C object CMakeFiles/cmTC_f0b27.dir/CheckIncludeFile.c.o
/usr/bin/cc   -D_GNU_SOURCE=1   -o CMakeFiles/cmTC_f0b27.dir/CheckIncludeFile.c.o   -c /workspaces/CHIP-8-Emulator/src/SDL3-3.2.16/build/CMakeFiles/CMakeTmp/CheckIncludeFile.c
Linking C executable cmTC_f0b27
/usr/bin/cmake -E cmake_link_script CMakeFiles/cmTC_f0b27.dir/link.txt --verbose=1
/usr/bin/cc   -D_GNU_SOURCE=1    CMakeFiles/cmTC_f0b27.dir/CheckIncludeFile.c.o  -o cmTC_f0b27 
make[1]: Leaving directory '/workspaces/CHIP-8-Emulator/src/SDL3-3.2.16/build/CMakeFiles/CMakeTmp'



Determining if the include file float.h exists passed with the following output:
Change Dir: /workspaces/CHIP-8-Emulator/src/SDL3-3.2.16/build/CMakeFiles/CMakeTmp

Run Build Command(s):/usr/bin/make cmTC_4d64b/fast && /usr/bin/make -f CMakeFiles/cmTC_4d64b.dir/build.make CMakeFiles/cmTC_4d64b.dir/build
make[1]: Entering directory '/workspaces/CHIP-8-Emulator/src/SDL3-3.2.16/build/CMakeFiles/CMakeTmp'
Building C object CMakeFiles/cmTC_4d64b.dir/CheckIncludeFile.c.o
/usr/bin/cc   -D_GNU_SOURCE=1   -o CMakeFiles/cmTC_4d64b.dir/CheckIncludeFile.c.o   -c /workspaces/CHIP-8-Emulator/src/SDL3-3.2.16/build/CMakeFiles/CMakeTmp/CheckIncludeFile.c
Linking C executable cmTC_4d64b
/usr/bin/cmake -E cmake_link_script CMakeFiles/cmTC_4d64b.dir/link.txt --verbose=1
/usr/bin/cc   -D_GNU_SOURCE=1    CMakeFiles/cmTC_4d64b.dir/CheckIncludeFile.c.o  -o cmTC_4d64b 
make[1]: Leaving directory '/workspaces/CHIP-8-Emulator/src/SDL3-3.2.16/build/CMakeFiles/CMakeTmp'



Determining if the include file iconv.h exists passed with the following output:
Change Dir: /workspaces/CHIP-8-Emulator/src/SDL3-3.2.16/build/CMakeFiles/CMakeTmp

Run Build Command(s):/usr/bin/make cmTC_3d5cc/fast && /usr/bin/make -f CMakeFiles/cmTC_3d5cc.dir/build.make CMakeFiles/cmTC_3d5cc.dir/build
make[1]: Entering directory '/workspaces/CHIP-8-Emulator/src/SDL3-3.2.16/build/CMakeFiles/CMakeTmp'
Building C object CMakeFiles/cmTC_3d5cc.dir/CheckIncludeFile.c.o
/usr/bin/cc   -D_GNU_SOURCE=1   -o CMakeFiles/cmTC_3d5cc.dir/CheckIncludeFile.c.o   -c /workspaces/CHIP-8-Emulator/src/SDL3-3.2.16/build/CMakeFiles/CMakeTmp/CheckIncludeFile.c
Linking C executable cmTC_3d5cc
/usr/bin/cmake -E cmake_link_script CMakeFiles/cmTC_3d5cc.dir/link.txt --verbose=1
/usr/bin/cc   -D_GNU_SOURCE=1    CMakeFiles/cmTC_3d5cc.dir/CheckIncludeFile.c.o  -o cmTC_3d5cc 
make[1]: Leaving directory '/workspaces/CHIP-8-Emulator/src/SDL3-3.2.16/build/CMakeFiles/CMakeTmp'



Determining if the include file inttypes.h exists passed with the following output:
Change Dir: /workspaces/CHIP-8-Emulator/src/SDL3-3.2.16/build/CMakeFiles/CMakeTmp

Run Build Command(s):/usr/bin/make cmTC_5b96d/fast && /usr/bin/make -f CMakeFiles/cmTC_5b96d.dir/build.make CMakeFiles/cmTC_5b96d.dir/build
make[1]: Entering directory '/workspaces/CHIP-8-Emulator/src/SDL3-3.2.16/build/CMakeFiles/CMakeTmp'
Building C object CMakeFiles/cmTC_5b96d.dir/CheckIncludeFile.c.o
/usr/bin/cc   -D_GNU_SOURCE=1   -o CMakeFiles/cmTC_5b96d.dir/CheckIncludeFile.c.o   -c /workspaces/CHIP-8-Emulator/src/SDL3-3.2.16/build/CMakeFiles/CMakeTmp/CheckIncludeFile.c
Linking C executable cmTC_5b96d
/usr/bin/cmake -E cmake_link_script CMakeFiles/cmTC_5b96d.dir/link.txt --verbose=1
/usr/bin/cc   -D_GNU_SOURCE=1    CMakeFiles/cmTC_5b96d.dir/CheckIncludeFile.c.o  -o cmTC_5b96d 
make[1]: Leaving directory '/workspaces/CHIP-8-Emulator/src/SDL3-3.2.16/build/CMakeFiles/CMakeTmp'



Determining if the include file limits.h exists passed with the following output:
Change Dir: /workspaces/CHIP-8-Emulator/src/SDL3-3.2.16/build/CMakeFiles/CMakeTmp

Run Build Command(s):/usr/bin/make cmTC_18dc3/fast && /usr/bin/make -f CMakeFiles/cmTC_18dc3.dir/build.make CMakeFiles/cmTC_18dc3.dir/build
make[1]: Entering directory '/workspaces/CHIP-8-Emulator/src/SDL3-3.2.16/build/CMakeFiles/CMakeTmp'
Building C object CMakeFiles/cmTC_18dc3.dir/CheckIncludeFile.c.o
/usr/bin/cc   -D_GNU_SOURCE=1   -o CMakeFiles/cmTC_18dc3.dir/CheckIncludeFile.c.o   -c /workspaces/CHIP-8-Emulator/src/SDL3-3.2.16/build/CMakeFiles/CMakeTmp/CheckIncludeFile.c
Linking C executable cmTC_18dc3
/usr/bin/cmake -E cmake_link_script CMakeFiles/cmTC_18dc3.dir/link.txt --verbose=1
/usr/bin/cc   -D_GNU_SOURCE=1    CMakeFiles/cmTC_18dc3.dir/CheckIncludeFile.c.o  -o cmTC_18dc3 
make[1]: Leaving directory '/workspaces/CHIP-8-Emulator/src/SDL3-3.2.16/build/CMakeFiles/CMakeTmp'



Determining if the include file malloc.h exists passed with the following output:
Change Dir: /workspaces/CHIP-8-Emulator/src/SDL3-3.2.16/build/CMakeFiles/CMakeTmp

Run Build Command(s):/usr/bin/make cmTC_bffab/fast && /usr/bin/make -f CMakeFiles/cmTC_bffab.dir/build.make CMakeFiles/cmTC_bffab.dir/build
make[1]: Entering directory '/workspaces/CHIP-8-Emulator/src/SDL3-3.2.16/build/CMakeFiles/CMakeTmp'
Building C object CMakeFiles/cmTC_bffab.dir/CheckIncludeFile.c.o
/usr/bin/cc   -D_GNU_SOURCE=1   -o CMakeFiles/cmTC_bffab.dir/CheckIncludeFile.c.o   -c /workspaces/CHIP-8-Emulator/src/SDL3-3.2.16/build/CMakeFiles/CMakeTmp/CheckIncludeFile.c
Linking C executable cmTC_bffab
/usr/bin/cmake -E cmake_link_script CMakeFiles/cmTC_bffab.dir/link.txt --verbose=1
/usr/bin/cc   -D_GNU_SOURCE=1    CMakeFiles/cmTC_bffab.dir/CheckIncludeFile.c.o  -o cmTC_bffab 
make[1]: Leaving directory '/workspaces/CHIP-8-Emulator/src/SDL3-3.2.16/build/CMakeFiles/CMakeTmp'



Determining if the include file math.h exists passed with the following output:
Change Dir: /workspaces/CHIP-8-Emulator/src/SDL3-3.2.16/build/CMakeFiles/CMakeTmp

Run Build Command(s):/usr/bin/make cmTC_0e1c9/fast && /usr/bin/make -f CMakeFiles/cmTC_0e1c9.dir/build.make CMakeFiles/cmTC_0e1c9.dir/build
make[1]: Entering directory '/workspaces/CHIP-8-Emulator/src/SDL3-3.2.16/build/CMakeFiles/CMakeTmp'
Building C object CMakeFiles/cmTC_0e1c9.dir/CheckIncludeFile.c.o
/usr/bin/cc   -D_GNU_SOURCE=1   -o CMakeFiles/cmTC_0e1c9.dir/CheckIncludeFile.c.o   -c /workspaces/CHIP-8-Emulator/src/SDL3-3.2.16/build/CMakeFiles/CMakeTmp/CheckIncludeFile.c
Linking C executable cmTC_0e1c9
/usr/bin/cmake -E cmake_link_script CMakeFiles/cmTC_0e1c9.dir/link.txt --verbose=1
/usr/bin/cc   -D_GNU_SOURCE=1    CMakeFiles/cmTC_0e1c9.dir/CheckIncludeFile.c.o  -o cmTC_0e1c9 
make[1]: Leaving directory '/workspaces/CHIP-8-Emulator/src/SDL3-3.2.16/build/CMakeFiles/CMakeTmp'



Determining if the include file memory.h exists passed with the following output:
Change Dir: /workspaces/CHIP-8-Emulator/src/SDL3-3.2.16/build/CMakeFiles/CMakeTmp

Run Build Command(s):/usr/bin/make cmTC_6d4b3/fast && /usr/bin/make -f CMakeFiles/cmTC_6d4b3.dir/build.make CMakeFiles/cmTC_6d4b3.dir/build
make[1]: Entering directory '/workspaces/CHIP-8-Emulator/src/SDL3-3.2.16/build/CMakeFiles/CMakeTmp'
Building C object CMakeFiles/cmTC_6d4b3.dir/CheckIncludeFile.c.o
/usr/bin/cc   -D_GNU_SOURCE=1   -o CMakeFiles/cmTC_6d4b3.dir/CheckIncludeFile.c.o   -c /workspaces/CHIP-8-Emulator/src/SDL3-3.2.16/build/CMakeFiles/CMakeTmp/CheckIncludeFile.c
Linking C executable cmTC_6d4b3
/usr/bin/cmake -E cmake_link_script CMakeFiles/cmTC_6d4b3.dir/link.txt --verbose=1
/usr/bin/cc   -D_GNU_SOURCE=1    CMakeFiles/cmTC_6d4b3.dir/CheckIncludeFile.c.o  -o cmTC_6d4b3 
make[1]: Leaving directory '/workspaces/CHIP-8-Emulator/src/SDL3-3.2.16/build/CMakeFiles/CMakeTmp'



Determining if the include file signal.h exists passed with the following output:
Change Dir: /workspaces/CHIP-8-Emulator/src/SDL3-3.2.16/build/CMakeFiles/CMakeTmp

Run Build Command(s):/usr/bin/make cmTC_c5db4/fast && /usr/bin/make -f CMakeFiles/cmTC_c5db4.dir/build.make CMakeFiles/cmTC_c5db4.dir/build
make[1]: Entering directory '/workspaces/CHIP-8-Emulator/src/SDL3-3.2.16/build/CMakeFiles/CMakeTmp'
Building C object CMakeFiles/cmTC_c5db4.dir/CheckIncludeFile.c.o
/usr/bin/cc   -D_GNU_SOURCE=1   -o CMakeFiles/cmTC_c5db4.dir/CheckIncludeFile.c.o   -c /workspaces/CHIP-8-Emulator/src/SDL3-3.2.16/build/CMakeFiles/CMakeTmp/CheckIncludeFile.c
Linking C executable cmTC_c5db4
/usr/bin/cmake -E cmake_link_script CMakeFiles/cmTC_c5db4.dir/link.txt --verbose=1
/usr/bin/cc   -D_GNU_SOURCE=1    CMakeFiles/cmTC_c5db4.dir/CheckIncludeFile.c.o  -o cmTC_c5db4 
make[1]: Leaving directory '/workspaces/CHIP-8-Emulator/src/SDL3-3.2.16/build/CMakeFiles/CMakeTmp'



Determining if the include file stdarg.h exists passed with the following output:
Change Dir: /workspaces/CHIP-8-Emulator/src/SDL3-3.2.16/build/CMakeFiles/CMakeTmp

Run Build Command(s):/usr/bin/make cmTC_9ca75/fast && /usr/bin/make -f CMakeFiles/cmTC_9ca75.dir/build.make CMakeFiles/cmTC_9ca75.dir/build
make[1]: Entering directory '/workspaces/CHIP-8-Emulator/src/SDL3-3.2.16/build/CMakeFiles/CMakeTmp'
Building C object CMakeFiles/cmTC_9ca75.dir/CheckIncludeFile.c.o
/usr/bin/cc   -D_GNU_SOURCE=1   -o CMakeFiles/cmTC_9ca75.dir/CheckIncludeFile.c.o   -c /workspaces/CHIP-8-Emulator/src/SDL3-3.2.16/build/CMakeFiles/CMakeTmp/CheckIncludeFile.c
Linking C executable cmTC_9ca75
/usr/bin/cmake -E cmake_link_script CMakeFiles/cmTC_9ca75.dir/link.txt --verbose=1
/usr/bin/cc   -D_GNU_SOURCE=1    CMakeFiles/cmTC_9ca75.dir/CheckIncludeFile.c.o  -o cmTC_9ca75 
make[1]: Leaving directory '/workspaces/CHIP-8-Emulator/src/SDL3-3.2.16/build/CMakeFiles/CMakeTmp'



Determining if the include file stdbool.h exists passed with the following output:
Change Dir: /workspaces/CHIP-8-Emulator/src/SDL3-3.2.16/build/CMakeFiles/CMakeTmp

Run Build Command(s):/usr/bin/make cmTC_c8741/fast && /usr/bin/make -f CMakeFiles/cmTC_c8741.dir/build.make CMakeFiles/cmTC_c8741.dir/build
make[1]: Entering directory '/workspaces/CHIP-8-Emulator/src/SDL3-3.2.16/build/CMakeFiles/CMakeTmp'
Building C object CMakeFiles/cmTC_c8741.dir/CheckIncludeFile.c.o
/usr/bin/cc   -D_GNU_SOURCE=1   -o CMakeFiles/cmTC_c8741.dir/CheckIncludeFile.c.o   -c /workspaces/CHIP-8-Emulator/src/SDL3-3.2.16/build/CMakeFiles/CMakeTmp/CheckIncludeFile.c
Linking C executable cmTC_c8741
/usr/bin/cmake -E cmake_link_script CMakeFiles/cmTC_c8741.dir/link.txt --verbose=1
/usr/bin/cc   -D_GNU_SOURCE=1    CMakeFiles/cmTC_c8741.dir/CheckIncludeFile.c.o  -o cmTC_c8741 
make[1]: Leaving directory '/workspaces/CHIP-8-Emulator/src/SDL3-3.2.16/build/CMakeFiles/CMakeTmp'



Determining if the include file stddef.h exists passed with the following output:
Change Dir: /workspaces/CHIP-8-Emulator/src/SDL3-3.2.16/build/CMakeFiles/CMakeTmp

Run Build Command(s):/usr/bin/make cmTC_ec2d1/fast && /usr/bin/make -f CMakeFiles/cmTC_ec2d1.dir/build.make CMakeFiles/cmTC_ec2d1.dir/build
make[1]: Entering directory '/workspaces/CHIP-8-Emulator/src/SDL3-3.2.16/build/CMakeFiles/CMakeTmp'
Building C object CMakeFiles/cmTC_ec2d1.dir/CheckIncludeFile.c.o
/usr/bin/cc   -D_GNU_SOURCE=1   -o CMakeFiles/cmTC_ec2d1.dir/CheckIncludeFile.c.o   -c /workspaces/CHIP-8-Emulator/src/SDL3-3.2.16/build/CMakeFiles/CMakeTmp/CheckIncludeFile.c
Linking C executable cmTC_ec2d1
/usr/bin/cmake -E cmake_link_script CMakeFiles/cmTC_ec2d1.dir/link.txt --verbose=1
/usr/bin/cc   -D_GNU_SOURCE=1    CMakeFiles/cmTC_ec2d1.dir/CheckIncludeFile.c.o  -o cmTC_ec2d1 
make[1]: Leaving directory '/workspaces/CHIP-8-Emulator/src/SDL3-3.2.16/build/CMakeFiles/CMakeTmp'



Determining if the include file stdint.h exists passed with the following output:
Change Dir: /workspaces/CHIP-8-Emulator/src/SDL3-3.2.16/build/CMakeFiles/CMakeTmp

Run Build Command(s):/usr/bin/make cmTC_afbf1/fast && /usr/bin/make -f CMakeFiles/cmTC_afbf1.dir/build.make CMakeFiles/cmTC_afbf1.dir/build
make[1]: Entering directory '/workspaces/CHIP-8-Emulator/src/SDL3-3.2.16/build/CMakeFiles/CMakeTmp'
Building C object CMakeFiles/cmTC_afbf1.dir/CheckIncludeFile.c.o
/usr/bin/cc   -D_GNU_SOURCE=1   -o CMakeFiles/cmTC_afbf1.dir/CheckIncludeFile.c.o   -c /workspaces/CHIP-8-Emulator/src/SDL3-3.2.16/build/CMakeFiles/CMakeTmp/CheckIncludeFile.c
Linking C executable cmTC_afbf1
/usr/bin/cmake -E cmake_link_script CMakeFiles/cmTC_afbf1.dir/link.txt --verbose=1
/usr/bin/cc   -D_GNU_SOURCE=1    CMakeFiles/cmTC_afbf1.dir/CheckIncludeFile.c.o  -o cmTC_afbf1 
make[1]: Leaving directory '/workspaces/CHIP-8-Emulator/src/SDL3-3.2.16/build/CMakeFiles/CMakeTmp'



Determining if the include file stdio.h exists passed with the following output:
Change Dir: /workspaces/CHIP-8-Emulator/src/SDL3-3.2.16/build/CMakeFiles/CMakeTmp

Run Build Command(s):/usr/bin/make cmTC_1ff6b/fast && /usr/bin/make -f CMakeFiles/cmTC_1ff6b.dir/build.make CMakeFiles/cmTC_1ff6b.dir/build
make[1]: Entering directory '/workspaces/CHIP-8-Emulator/src/SDL3-3.2.16/build/CMakeFiles/CMakeTmp'
Building C object CMakeFiles/cmTC_1ff6b.dir/CheckIncludeFile.c.o
/usr/bin/cc   -D_GNU_SOURCE=1   -o CMakeFiles/cmTC_1ff6b.dir/CheckIncludeFile.c.o   -c /workspaces/CHIP-8-Emulator/src/SDL3-3.2.16/build/CMakeFiles/CMakeTmp/CheckIncludeFile.c
Linking C executable cmTC_1ff6b
/usr/bin/cmake -E cmake_link_script CMakeFiles/cmTC_1ff6b.dir/link.txt --verbose=1
/usr/bin/cc   -D_GNU_SOURCE=1    CMakeFiles/cmTC_1ff6b.dir/CheckIncludeFile.c.o  -o cmTC_1ff6b 
make[1]: Leaving directory '/workspaces/CHIP-8-Emulator/src/SDL3-3.2.16/build/CMakeFiles/CMakeTmp'



Determining if the include file stdlib.h exists passed with the following output:
Change Dir: /workspaces/CHIP-8-Emulator/src/SDL3-3.2.16/build/CMakeFiles/CMakeTmp

Run Build Command(s):/usr/bin/make cmTC_a7bd2/fast && /usr/bin/make -f CMakeFiles/cmTC_a7bd2.dir/build.make CMakeFiles/cmTC_a7bd2.dir/build
make[1]: Entering directory '/workspaces/CHIP-8-Emulator/src/SDL3-3.2.16/build/CMakeFiles/CMakeTmp'
Building C object CMakeFiles/cmTC_a7bd2.dir/CheckIncludeFile.c.o
/usr/bin/cc   -D_GNU_SOURCE=1   -o CMakeFiles/cmTC_a7bd2.dir/CheckIncludeFile.c.o   -c /workspaces/CHIP-8-Emulator/src/SDL3-3.2.16/build/CMakeFiles/CMakeTmp/CheckIncludeFile.c
Linking C executable cmTC_a7bd2
/usr/bin/cmake -E cmake_link_script CMakeFiles/cmTC_a7bd2.dir/link.txt --verbose=1
/usr/bin/cc   -D_GNU_SOURCE=1    CMakeFiles/cmTC_a7bd2.dir/CheckIncludeFile.c.o  -o cmTC_a7bd2 
make[1]: Leaving directory '/workspaces/CHIP-8-Emulator/src/SDL3-3.2.16/build/CMakeFiles/CMakeTmp'



Determining if the include file string.h exists passed with the following output:
Change Dir: /workspaces/CHIP-8-Emulator/src/SDL3-3.2.16/build/CMakeFiles/CMakeTmp

Run Build Command(s):/usr/bin/make cmTC_47d0d/fast && /usr/bin/make -f CMakeFiles/cmTC_47d0d.dir/build.make CMakeFiles/cmTC_47d0d.dir/build
make[1]: Entering directory '/workspaces/CHIP-8-Emulator/src/SDL3-3.2.16/build/CMakeFiles/CMakeTmp'
Building C object CMakeFiles/cmTC_47d0d.dir/CheckIncludeFile.c.o
/usr/bin/cc   -D_GNU_SOURCE=1   -o CMakeFiles/cmTC_47d0d.dir/CheckIncludeFile.c.o   -c /workspaces/CHIP-8-Emulator/src/SDL3-3.2.16/build/CMakeFiles/CMakeTmp/CheckIncludeFile.c
Linking C executable cmTC_47d0d
/usr/bin/cmake -E cmake_link_script CMakeFiles/cmTC_47d0d.dir/link.txt --verbose=1
/usr/bin/cc   -D_GNU_SOURCE=1    CMakeFiles/cmTC_47d0d.dir/CheckIncludeFile.c.o  -o cmTC_47d0d 
make[1]: Leaving directory '/workspaces/CHIP-8-Emulator/src/SDL3-3.2.16/build/CMakeFiles/CMakeTmp'



Determining if the include file strings.h exists passed with the following output:
Change Dir: /workspaces/CHIP-8-Emulator/src/SDL3-3.2.16/build/CMakeFiles/CMakeTmp

Run Build Command(s):/usr/bin/make cmTC_d3b5a/fast && /usr/bin/make -f CMakeFiles/cmTC_d3b5a.dir/build.make CMakeFiles/cmTC_d3b5a.dir/build
make[1]: Entering directory '/workspaces/CHIP-8-Emulator/src/SDL3-3.2.16/build/CMakeFiles/CMakeTmp'
Building C object CMakeFiles/cmTC_d3b5a.dir/CheckIncludeFile.c.o
/usr/bin/cc   -D_GNU_SOURCE=1   -o CMakeFiles/cmTC_d3b5a.dir/CheckIncludeFile.c.o   -c /workspaces/CHIP-8-Emulator/src/SDL3-3.2.16/build/CMakeFiles/CMakeTmp/CheckIncludeFile.c
Linking C executable cmTC_d3b5a
/usr/bin/cmake -E cmake_link_script CMakeFiles/cmTC_d3b5a.dir/link.txt --verbose=1
/usr/bin/cc   -D_GNU_SOURCE=1    CMakeFiles/cmTC_d3b5a.dir/CheckIncludeFile.c.o  -o cmTC_d3b5a 
make[1]: Leaving directory '/workspaces/CHIP-8-Emulator/src/SDL3-3.2.16/build/CMakeFiles/CMakeTmp'



Determining if the include file sys/types.h exists passed with the following output:
Change Dir: /workspaces/CHIP-8-Emulator/src/SDL3-3.2.16/build/CMakeFiles/CMakeTmp

Run Build Command(s):/usr/bin/make cmTC_e4666/fast && /usr/bin/make -f CMakeFiles/cmTC_e4666.dir/build.make CMakeFiles/cmTC_e4666.dir/build
make[1]: Entering directory '/workspaces/CHIP-8-Emulator/src/SDL3-3.2.16/build/CMakeFiles/CMakeTmp'
Building C object CMakeFiles/cmTC_e4666.dir/CheckIncludeFile.c.o
/usr/bin/cc   -D_GNU_SOURCE=1   -o CMakeFiles/cmTC_e4666.dir/CheckIncludeFile.c.o   -c /workspaces/CHIP-8-Emulator/src/SDL3-3.2.16/build/CMakeFiles/CMakeTmp/CheckIncludeFile.c
Linking C executable cmTC_e4666
/usr/bin/cmake -E cmake_link_script CMakeFiles/cmTC_e4666.dir/link.txt --verbose=1
/usr/bin/cc   -D_GNU_SOURCE=1    CMakeFiles/cmTC_e4666.dir/CheckIncludeFile.c.o  -o cmTC_e4666 
make[1]: Leaving directory '/workspaces/CHIP-8-Emulator/src/SDL3-3.2.16/build/CMakeFiles/CMakeTmp'



Determining if the include file time.h exists passed with the following output:
Change Dir: /workspaces/CHIP-8-Emulator/src/SDL3-3.2.16/build/CMakeFiles/CMakeTmp

Run Build Command(s):/usr/bin/make cmTC_20e2b/fast && /usr/bin/make -f CMakeFiles/cmTC_20e2b.dir/build.make CMakeFiles/cmTC_20e2b.dir/build
make[1]: Entering directory '/workspaces/CHIP-8-Emulator/src/SDL3-3.2.16/build/CMakeFiles/CMakeTmp'
Building C object CMakeFiles/cmTC_20e2b.dir/CheckIncludeFile.c.o
/usr/bin/cc   -D_GNU_SOURCE=1   -o CMakeFiles/cmTC_20e2b.dir/CheckIncludeFile.c.o   -c /workspaces/CHIP-8-Emulator/src/SDL3-3.2.16/build/CMakeFiles/CMakeTmp/CheckIncludeFile.c
Linking C executable cmTC_20e2b
/usr/bin/cmake -E cmake_link_script CMakeFiles/cmTC_20e2b.dir/link.txt --verbose=1
/usr/bin/cc   -D_GNU_SOURCE=1    CMakeFiles/cmTC_20e2b.dir/CheckIncludeFile.c.o  -o cmTC_20e2b 
make[1]: Leaving directory '/workspaces/CHIP-8-Emulator/src/SDL3-3.2.16/build/CMakeFiles/CMakeTmp'



Determining if the include file wchar.h exists passed with the following output:
Change Dir: /workspaces/CHIP-8-Emulator/src/SDL3-3.2.16/build/CMakeFiles/CMakeTmp

Run Build Command(s):/usr/bin/make cmTC_daa1a/fast && /usr/bin/make -f CMakeFiles/cmTC_daa1a.dir/build.make CMakeFiles/cmTC_daa1a.dir/build
make[1]: Entering directory '/workspaces/CHIP-8-Emulator/src/SDL3-3.2.16/build/CMakeFiles/CMakeTmp'
Building C object CMakeFiles/cmTC_daa1a.dir/CheckIncludeFile.c.o
/usr/bin/cc   -D_GNU_SOURCE=1   -o CMakeFiles/cmTC_daa1a.dir/CheckIncludeFile.c.o   -c /workspaces/CHIP-8-Emulator/src/SDL3-3.2.16/build/CMakeFiles/CMakeTmp/CheckIncludeFile.c
Linking C executable cmTC_daa1a
/usr/bin/cmake -E cmake_link_script CMakeFiles/cmTC_daa1a.dir/link.txt --verbose=1
/usr/bin/cc   -D_GNU_SOURCE=1    CMakeFiles/cmTC_daa1a.dir/CheckIncludeFile.c.o  -o cmTC_daa1a 
make[1]: Leaving directory '/workspaces/CHIP-8-Emulator/src/SDL3-3.2.16/build/CMakeFiles/CMakeTmp'



Determining if the function pow exists in the m passed with the following output:
Change Dir: /workspaces/CHIP-8-Emulator/src/SDL3-3.2.16/build/CMakeFiles/CMakeTmp

Run Build Command(s):/usr/bin/make cmTC_d7399/fast && /usr/bin/make -f CMakeFiles/cmTC_d7399.dir/build.make CMakeFiles/cmTC_d7399.dir/build
make[1]: Entering directory '/workspaces/CHIP-8-Emulator/src/SDL3-3.2.16/build/CMakeFiles/CMakeTmp'
Building C object CMakeFiles/cmTC_d7399.dir/CheckFunctionExists.c.o
/usr/bin/cc   -DCHECK_FUNCTION_EXISTS=pow  -D_GNU_SOURCE=1   -o CMakeFiles/cmTC_d7399.dir/CheckFunctionExists.c.o   -c /usr/share/cmake-3.16/Modules/CheckFunctionExists.c
<command-line>: warning: conflicting types for built-in function ‘pow’; expected ‘double(double,  double)’ [-Wbuiltin-declaration-mismatch]
/usr/share/cmake-3.16/Modules/CheckFunctionExists.c:7:3: note: in expansion of macro ‘CHECK_FUNCTION_EXISTS’
    7 |   CHECK_FUNCTION_EXISTS(void);
      |   ^~~~~~~~~~~~~~~~~~~~~
/usr/share/cmake-3.16/Modules/CheckFunctionExists.c:1:1: note: ‘pow’ is declared in header ‘<math.h>’
  +++ |+#include <math.h>
    1 | #ifdef CHECK_FUNCTION_EXISTS
Linking C executable cmTC_d7399
/usr/bin/cmake -E cmake_link_script CMakeFiles/cmTC_d7399.dir/link.txt --verbose=1
/usr/bin/cc  -DCHECK_FUNCTION_EXISTS=pow  -D_GNU_SOURCE=1    CMakeFiles/cmTC_d7399.dir/CheckFunctionExists.c.o  -o cmTC_d7399  -lm 
make[1]: Leaving directory '/workspaces/CHIP-8-Emulator/src/SDL3-3.2.16/build/CMakeFiles/CMakeTmp'



Determining if the abs exist passed with the following output:
Change Dir: /workspaces/CHIP-8-Emulator/src/SDL3-3.2.16/build/CMakeFiles/CMakeTmp

Run Build Command(s):/usr/bin/make cmTC_54aa4/fast && /usr/bin/make -f CMakeFiles/cmTC_54aa4.dir/build.make CMakeFiles/cmTC_54aa4.dir/build
make[1]: Entering directory '/workspaces/CHIP-8-Emulator/src/SDL3-3.2.16/build/CMakeFiles/CMakeTmp'
Building C object CMakeFiles/cmTC_54aa4.dir/CheckSymbolExists.c.o
/usr/bin/cc   -D_GNU_SOURCE=1   -o CMakeFiles/cmTC_54aa4.dir/CheckSymbolExists.c.o   -c /workspaces/CHIP-8-Emulator/src/SDL3-3.2.16/build/CMakeFiles/CMakeTmp/CheckSymbolExists.c
Linking C executable cmTC_54aa4
/usr/bin/cmake -E cmake_link_script CMakeFiles/cmTC_54aa4.dir/link.txt --verbose=1
/usr/bin/cc   -D_GNU_SOURCE=1    CMakeFiles/cmTC_54aa4.dir/CheckSymbolExists.c.o  -o cmTC_54aa4  -lm 
make[1]: Leaving directory '/workspaces/CHIP-8-Emulator/src/SDL3-3.2.16/build/CMakeFiles/CMakeTmp'


File /workspaces/CHIP-8-Emulator/src/SDL3-3.2.16/build/CMakeFiles/CMakeTmp/CheckSymbolExists.c:
/* */
#include <float.h>
#include <iconv.h>
#include <inttypes.h>
#include <limits.h>
#include <malloc.h>
#include <math.h>
#include <memory.h>
#include <signal.h>
#include <stdarg.h>
#include <stdbool.h>
#include <stddef.h>
#include <stdint.h>
#include <stdio.h>
#include <stdlib.h>
#include <string.h>
#include <strings.h>
#include <sys/types.h>
#include <time.h>
#include <wchar.h>

int main(int argc, char** argv)
{
  (void)argv;
#ifndef abs
  return ((int*)(&abs))[argc];
#else
  (void)argc;
  return 0;
#endif
}
Determining if the acos exist passed with the following output:
Change Dir: /workspaces/CHIP-8-Emulator/src/SDL3-3.2.16/build/CMakeFiles/CMakeTmp

Run Build Command(s):/usr/bin/make cmTC_2e2d6/fast && /usr/bin/make -f CMakeFiles/cmTC_2e2d6.dir/build.make CMakeFiles/cmTC_2e2d6.dir/build
make[1]: Entering directory '/workspaces/CHIP-8-Emulator/src/SDL3-3.2.16/build/CMakeFiles/CMakeTmp'
Building C object CMakeFiles/cmTC_2e2d6.dir/CheckSymbolExists.c.o
/usr/bin/cc   -D_GNU_SOURCE=1   -o CMakeFiles/cmTC_2e2d6.dir/CheckSymbolExists.c.o   -c /workspaces/CHIP-8-Emulator/src/SDL3-3.2.16/build/CMakeFiles/CMakeTmp/CheckSymbolExists.c
Linking C executable cmTC_2e2d6
/usr/bin/cmake -E cmake_link_script CMakeFiles/cmTC_2e2d6.dir/link.txt --verbose=1
/usr/bin/cc   -D_GNU_SOURCE=1    CMakeFiles/cmTC_2e2d6.dir/CheckSymbolExists.c.o  -o cmTC_2e2d6  -lm 
make[1]: Leaving directory '/workspaces/CHIP-8-Emulator/src/SDL3-3.2.16/build/CMakeFiles/CMakeTmp'


File /workspaces/CHIP-8-Emulator/src/SDL3-3.2.16/build/CMakeFiles/CMakeTmp/CheckSymbolExists.c:
/* */
#include <float.h>
#include <iconv.h>
#include <inttypes.h>
#include <limits.h>
#include <malloc.h>
#include <math.h>
#include <memory.h>
#include <signal.h>
#include <stdarg.h>
#include <stdbool.h>
#include <stddef.h>
#include <stdint.h>
#include <stdio.h>
#include <stdlib.h>
#include <string.h>
#include <strings.h>
#include <sys/types.h>
#include <time.h>
#include <wchar.h>

int main(int argc, char** argv)
{
  (void)argv;
#ifndef acos
  return ((int*)(&acos))[argc];
#else
  (void)argc;
  return 0;
#endif
}
Determining if the acosf exist passed with the following output:
Change Dir: /workspaces/CHIP-8-Emulator/src/SDL3-3.2.16/build/CMakeFiles/CMakeTmp

Run Build Command(s):/usr/bin/make cmTC_0399d/fast && /usr/bin/make -f CMakeFiles/cmTC_0399d.dir/build.make CMakeFiles/cmTC_0399d.dir/build
make[1]: Entering directory '/workspaces/CHIP-8-Emulator/src/SDL3-3.2.16/build/CMakeFiles/CMakeTmp'
Building C object CMakeFiles/cmTC_0399d.dir/CheckSymbolExists.c.o
/usr/bin/cc   -D_GNU_SOURCE=1   -o CMakeFiles/cmTC_0399d.dir/CheckSymbolExists.c.o   -c /workspaces/CHIP-8-Emulator/src/SDL3-3.2.16/build/CMakeFiles/CMakeTmp/CheckSymbolExists.c
Linking C executable cmTC_0399d
/usr/bin/cmake -E cmake_link_script CMakeFiles/cmTC_0399d.dir/link.txt --verbose=1
/usr/bin/cc   -D_GNU_SOURCE=1    CMakeFiles/cmTC_0399d.dir/CheckSymbolExists.c.o  -o cmTC_0399d  -lm 
make[1]: Leaving directory '/workspaces/CHIP-8-Emulator/src/SDL3-3.2.16/build/CMakeFiles/CMakeTmp'


File /workspaces/CHIP-8-Emulator/src/SDL3-3.2.16/build/CMakeFiles/CMakeTmp/CheckSymbolExists.c:
/* */
#include <float.h>
#include <iconv.h>
#include <inttypes.h>
#include <limits.h>
#include <malloc.h>
#include <math.h>
#include <memory.h>
#include <signal.h>
#include <stdarg.h>
#include <stdbool.h>
#include <stddef.h>
#include <stdint.h>
#include <stdio.h>
#include <stdlib.h>
#include <string.h>
#include <strings.h>
#include <sys/types.h>
#include <time.h>
#include <wchar.h>

int main(int argc, char** argv)
{
  (void)argv;
#ifndef acosf
  return ((int*)(&acosf))[argc];
#else
  (void)argc;
  return 0;
#endif
}
Determining if the asin exist passed with the following output:
Change Dir: /workspaces/CHIP-8-Emulator/src/SDL3-3.2.16/build/CMakeFiles/CMakeTmp

Run Build Command(s):/usr/bin/make cmTC_881c4/fast && /usr/bin/make -f CMakeFiles/cmTC_881c4.dir/build.make CMakeFiles/cmTC_881c4.dir/build
make[1]: Entering directory '/workspaces/CHIP-8-Emulator/src/SDL3-3.2.16/build/CMakeFiles/CMakeTmp'
Building C object CMakeFiles/cmTC_881c4.dir/CheckSymbolExists.c.o
/usr/bin/cc   -D_GNU_SOURCE=1   -o CMakeFiles/cmTC_881c4.dir/CheckSymbolExists.c.o   -c /workspaces/CHIP-8-Emulator/src/SDL3-3.2.16/build/CMakeFiles/CMakeTmp/CheckSymbolExists.c
Linking C executable cmTC_881c4
/usr/bin/cmake -E cmake_link_script CMakeFiles/cmTC_881c4.dir/link.txt --verbose=1
/usr/bin/cc   -D_GNU_SOURCE=1    CMakeFiles/cmTC_881c4.dir/CheckSymbolExists.c.o  -o cmTC_881c4  -lm 
make[1]: Leaving directory '/workspaces/CHIP-8-Emulator/src/SDL3-3.2.16/build/CMakeFiles/CMakeTmp'


File /workspaces/CHIP-8-Emulator/src/SDL3-3.2.16/build/CMakeFiles/CMakeTmp/CheckSymbolExists.c:
/* */
#include <float.h>
#include <iconv.h>
#include <inttypes.h>
#include <limits.h>
#include <malloc.h>
#include <math.h>
#include <memory.h>
#include <signal.h>
#include <stdarg.h>
#include <stdbool.h>
#include <stddef.h>
#include <stdint.h>
#include <stdio.h>
#include <stdlib.h>
#include <string.h>
#include <strings.h>
#include <sys/types.h>
#include <time.h>
#include <wchar.h>

int main(int argc, char** argv)
{
  (void)argv;
#ifndef asin
  return ((int*)(&asin))[argc];
#else
  (void)argc;
  return 0;
#endif
}
Determining if the asinf exist passed with the following output:
Change Dir: /workspaces/CHIP-8-Emulator/src/SDL3-3.2.16/build/CMakeFiles/CMakeTmp

Run Build Command(s):/usr/bin/make cmTC_be565/fast && /usr/bin/make -f CMakeFiles/cmTC_be565.dir/build.make CMakeFiles/cmTC_be565.dir/build
make[1]: Entering directory '/workspaces/CHIP-8-Emulator/src/SDL3-3.2.16/build/CMakeFiles/CMakeTmp'
Building C object CMakeFiles/cmTC_be565.dir/CheckSymbolExists.c.o
/usr/bin/cc   -D_GNU_SOURCE=1   -o CMakeFiles/cmTC_be565.dir/CheckSymbolExists.c.o   -c /workspaces/CHIP-8-Emulator/src/SDL3-3.2.16/build/CMakeFiles/CMakeTmp/CheckSymbolExists.c
Linking C executable cmTC_be565
/usr/bin/cmake -E cmake_link_script CMakeFiles/cmTC_be565.dir/link.txt --verbose=1
/usr/bin/cc   -D_GNU_SOURCE=1    CMakeFiles/cmTC_be565.dir/CheckSymbolExists.c.o  -o cmTC_be565  -lm 
make[1]: Leaving directory '/workspaces/CHIP-8-Emulator/src/SDL3-3.2.16/build/CMakeFiles/CMakeTmp'


File /workspaces/CHIP-8-Emulator/src/SDL3-3.2.16/build/CMakeFiles/CMakeTmp/CheckSymbolExists.c:
/* */
#include <float.h>
#include <iconv.h>
#include <inttypes.h>
#include <limits.h>
#include <malloc.h>
#include <math.h>
#include <memory.h>
#include <signal.h>
#include <stdarg.h>
#include <stdbool.h>
#include <stddef.h>
#include <stdint.h>
#include <stdio.h>
#include <stdlib.h>
#include <string.h>
#include <strings.h>
#include <sys/types.h>
#include <time.h>
#include <wchar.h>

int main(int argc, char** argv)
{
  (void)argv;
#ifndef asinf
  return ((int*)(&asinf))[argc];
#else
  (void)argc;
  return 0;
#endif
}
Determining if the atan exist passed with the following output:
Change Dir: /workspaces/CHIP-8-Emulator/src/SDL3-3.2.16/build/CMakeFiles/CMakeTmp

Run Build Command(s):/usr/bin/make cmTC_90761/fast && /usr/bin/make -f CMakeFiles/cmTC_90761.dir/build.make CMakeFiles/cmTC_90761.dir/build
make[1]: Entering directory '/workspaces/CHIP-8-Emulator/src/SDL3-3.2.16/build/CMakeFiles/CMakeTmp'
Building C object CMakeFiles/cmTC_90761.dir/CheckSymbolExists.c.o
/usr/bin/cc   -D_GNU_SOURCE=1   -o CMakeFiles/cmTC_90761.dir/CheckSymbolExists.c.o   -c /workspaces/CHIP-8-Emulator/src/SDL3-3.2.16/build/CMakeFiles/CMakeTmp/CheckSymbolExists.c
Linking C executable cmTC_90761
/usr/bin/cmake -E cmake_link_script CMakeFiles/cmTC_90761.dir/link.txt --verbose=1
/usr/bin/cc   -D_GNU_SOURCE=1    CMakeFiles/cmTC_90761.dir/CheckSymbolExists.c.o  -o cmTC_90761  -lm 
make[1]: Leaving directory '/workspaces/CHIP-8-Emulator/src/SDL3-3.2.16/build/CMakeFiles/CMakeTmp'


File /workspaces/CHIP-8-Emulator/src/SDL3-3.2.16/build/CMakeFiles/CMakeTmp/CheckSymbolExists.c:
/* */
#include <float.h>
#include <iconv.h>
#include <inttypes.h>
#include <limits.h>
#include <malloc.h>
#include <math.h>
#include <memory.h>
#include <signal.h>
#include <stdarg.h>
#include <stdbool.h>
#include <stddef.h>
#include <stdint.h>
#include <stdio.h>
#include <stdlib.h>
#include <string.h>
#include <strings.h>
#include <sys/types.h>
#include <time.h>
#include <wchar.h>

int main(int argc, char** argv)
{
  (void)argv;
#ifndef atan
  return ((int*)(&atan))[argc];
#else
  (void)argc;
  return 0;
#endif
}
Determining if the atan2 exist passed with the following output:
Change Dir: /workspaces/CHIP-8-Emulator/src/SDL3-3.2.16/build/CMakeFiles/CMakeTmp

Run Build Command(s):/usr/bin/make cmTC_6446c/fast && /usr/bin/make -f CMakeFiles/cmTC_6446c.dir/build.make CMakeFiles/cmTC_6446c.dir/build
make[1]: Entering directory '/workspaces/CHIP-8-Emulator/src/SDL3-3.2.16/build/CMakeFiles/CMakeTmp'
Building C object CMakeFiles/cmTC_6446c.dir/CheckSymbolExists.c.o
/usr/bin/cc   -D_GNU_SOURCE=1   -o CMakeFiles/cmTC_6446c.dir/CheckSymbolExists.c.o   -c /workspaces/CHIP-8-Emulator/src/SDL3-3.2.16/build/CMakeFiles/CMakeTmp/CheckSymbolExists.c
Linking C executable cmTC_6446c
/usr/bin/cmake -E cmake_link_script CMakeFiles/cmTC_6446c.dir/link.txt --verbose=1
/usr/bin/cc   -D_GNU_SOURCE=1    CMakeFiles/cmTC_6446c.dir/CheckSymbolExists.c.o  -o cmTC_6446c  -lm 
make[1]: Leaving directory '/workspaces/CHIP-8-Emulator/src/SDL3-3.2.16/build/CMakeFiles/CMakeTmp'


File /workspaces/CHIP-8-Emulator/src/SDL3-3.2.16/build/CMakeFiles/CMakeTmp/CheckSymbolExists.c:
/* */
#include <float.h>
#include <iconv.h>
#include <inttypes.h>
#include <limits.h>
#include <malloc.h>
#include <math.h>
#include <memory.h>
#include <signal.h>
#include <stdarg.h>
#include <stdbool.h>
#include <stddef.h>
#include <stdint.h>
#include <stdio.h>
#include <stdlib.h>
#include <string.h>
#include <strings.h>
#include <sys/types.h>
#include <time.h>
#include <wchar.h>

int main(int argc, char** argv)
{
  (void)argv;
#ifndef atan2
  return ((int*)(&atan2))[argc];
#else
  (void)argc;
  return 0;
#endif
}
Determining if the atan2f exist passed with the following output:
Change Dir: /workspaces/CHIP-8-Emulator/src/SDL3-3.2.16/build/CMakeFiles/CMakeTmp

Run Build Command(s):/usr/bin/make cmTC_e9595/fast && /usr/bin/make -f CMakeFiles/cmTC_e9595.dir/build.make CMakeFiles/cmTC_e9595.dir/build
make[1]: Entering directory '/workspaces/CHIP-8-Emulator/src/SDL3-3.2.16/build/CMakeFiles/CMakeTmp'
Building C object CMakeFiles/cmTC_e9595.dir/CheckSymbolExists.c.o
/usr/bin/cc   -D_GNU_SOURCE=1   -o CMakeFiles/cmTC_e9595.dir/CheckSymbolExists.c.o   -c /workspaces/CHIP-8-Emulator/src/SDL3-3.2.16/build/CMakeFiles/CMakeTmp/CheckSymbolExists.c
Linking C executable cmTC_e9595
/usr/bin/cmake -E cmake_link_script CMakeFiles/cmTC_e9595.dir/link.txt --verbose=1
/usr/bin/cc   -D_GNU_SOURCE=1    CMakeFiles/cmTC_e9595.dir/CheckSymbolExists.c.o  -o cmTC_e9595  -lm 
make[1]: Leaving directory '/workspaces/CHIP-8-Emulator/src/SDL3-3.2.16/build/CMakeFiles/CMakeTmp'


File /workspaces/CHIP-8-Emulator/src/SDL3-3.2.16/build/CMakeFiles/CMakeTmp/CheckSymbolExists.c:
/* */
#include <float.h>
#include <iconv.h>
#include <inttypes.h>
#include <limits.h>
#include <malloc.h>
#include <math.h>
#include <memory.h>
#include <signal.h>
#include <stdarg.h>
#include <stdbool.h>
#include <stddef.h>
#include <stdint.h>
#include <stdio.h>
#include <stdlib.h>
#include <string.h>
#include <strings.h>
#include <sys/types.h>
#include <time.h>
#include <wchar.h>

int main(int argc, char** argv)
{
  (void)argv;
#ifndef atan2f
  return ((int*)(&atan2f))[argc];
#else
  (void)argc;
  return 0;
#endif
}
Determining if the atanf exist passed with the following output:
Change Dir: /workspaces/CHIP-8-Emulator/src/SDL3-3.2.16/build/CMakeFiles/CMakeTmp

Run Build Command(s):/usr/bin/make cmTC_57de6/fast && /usr/bin/make -f CMakeFiles/cmTC_57de6.dir/build.make CMakeFiles/cmTC_57de6.dir/build
make[1]: Entering directory '/workspaces/CHIP-8-Emulator/src/SDL3-3.2.16/build/CMakeFiles/CMakeTmp'
Building C object CMakeFiles/cmTC_57de6.dir/CheckSymbolExists.c.o
/usr/bin/cc   -D_GNU_SOURCE=1   -o CMakeFiles/cmTC_57de6.dir/CheckSymbolExists.c.o   -c /workspaces/CHIP-8-Emulator/src/SDL3-3.2.16/build/CMakeFiles/CMakeTmp/CheckSymbolExists.c
Linking C executable cmTC_57de6
/usr/bin/cmake -E cmake_link_script CMakeFiles/cmTC_57de6.dir/link.txt --verbose=1
/usr/bin/cc   -D_GNU_SOURCE=1    CMakeFiles/cmTC_57de6.dir/CheckSymbolExists.c.o  -o cmTC_57de6  -lm 
make[1]: Leaving directory '/workspaces/CHIP-8-Emulator/src/SDL3-3.2.16/build/CMakeFiles/CMakeTmp'


File /workspaces/CHIP-8-Emulator/src/SDL3-3.2.16/build/CMakeFiles/CMakeTmp/CheckSymbolExists.c:
/* */
#include <float.h>
#include <iconv.h>
#include <inttypes.h>
#include <limits.h>
#include <malloc.h>
#include <math.h>
#include <memory.h>
#include <signal.h>
#include <stdarg.h>
#include <stdbool.h>
#include <stddef.h>
#include <stdint.h>
#include <stdio.h>
#include <stdlib.h>
#include <string.h>
#include <strings.h>
#include <sys/types.h>
#include <time.h>
#include <wchar.h>

int main(int argc, char** argv)
{
  (void)argv;
#ifndef atanf
  return ((int*)(&atanf))[argc];
#else
  (void)argc;
  return 0;
#endif
}
Determining if the atof exist passed with the following output:
Change Dir: /workspaces/CHIP-8-Emulator/src/SDL3-3.2.16/build/CMakeFiles/CMakeTmp

Run Build Command(s):/usr/bin/make cmTC_8e6d4/fast && /usr/bin/make -f CMakeFiles/cmTC_8e6d4.dir/build.make CMakeFiles/cmTC_8e6d4.dir/build
make[1]: Entering directory '/workspaces/CHIP-8-Emulator/src/SDL3-3.2.16/build/CMakeFiles/CMakeTmp'
Building C object CMakeFiles/cmTC_8e6d4.dir/CheckSymbolExists.c.o
/usr/bin/cc   -D_GNU_SOURCE=1   -o CMakeFiles/cmTC_8e6d4.dir/CheckSymbolExists.c.o   -c /workspaces/CHIP-8-Emulator/src/SDL3-3.2.16/build/CMakeFiles/CMakeTmp/CheckSymbolExists.c
Linking C executable cmTC_8e6d4
/usr/bin/cmake -E cmake_link_script CMakeFiles/cmTC_8e6d4.dir/link.txt --verbose=1
/usr/bin/cc   -D_GNU_SOURCE=1    CMakeFiles/cmTC_8e6d4.dir/CheckSymbolExists.c.o  -o cmTC_8e6d4  -lm 
make[1]: Leaving directory '/workspaces/CHIP-8-Emulator/src/SDL3-3.2.16/build/CMakeFiles/CMakeTmp'


File /workspaces/CHIP-8-Emulator/src/SDL3-3.2.16/build/CMakeFiles/CMakeTmp/CheckSymbolExists.c:
/* */
#include <float.h>
#include <iconv.h>
#include <inttypes.h>
#include <limits.h>
#include <malloc.h>
#include <math.h>
#include <memory.h>
#include <signal.h>
#include <stdarg.h>
#include <stdbool.h>
#include <stddef.h>
#include <stdint.h>
#include <stdio.h>
#include <stdlib.h>
#include <string.h>
#include <strings.h>
#include <sys/types.h>
#include <time.h>
#include <wchar.h>

int main(int argc, char** argv)
{
  (void)argv;
#ifndef atof
  return ((int*)(&atof))[argc];
#else
  (void)argc;
  return 0;
#endif
}
Determining if the atoi exist passed with the following output:
Change Dir: /workspaces/CHIP-8-Emulator/src/SDL3-3.2.16/build/CMakeFiles/CMakeTmp

Run Build Command(s):/usr/bin/make cmTC_40a15/fast && /usr/bin/make -f CMakeFiles/cmTC_40a15.dir/build.make CMakeFiles/cmTC_40a15.dir/build
make[1]: Entering directory '/workspaces/CHIP-8-Emulator/src/SDL3-3.2.16/build/CMakeFiles/CMakeTmp'
Building C object CMakeFiles/cmTC_40a15.dir/CheckSymbolExists.c.o
/usr/bin/cc   -D_GNU_SOURCE=1   -o CMakeFiles/cmTC_40a15.dir/CheckSymbolExists.c.o   -c /workspaces/CHIP-8-Emulator/src/SDL3-3.2.16/build/CMakeFiles/CMakeTmp/CheckSymbolExists.c
Linking C executable cmTC_40a15
/usr/bin/cmake -E cmake_link_script CMakeFiles/cmTC_40a15.dir/link.txt --verbose=1
/usr/bin/cc   -D_GNU_SOURCE=1    CMakeFiles/cmTC_40a15.dir/CheckSymbolExists.c.o  -o cmTC_40a15  -lm 
make[1]: Leaving directory '/workspaces/CHIP-8-Emulator/src/SDL3-3.2.16/build/CMakeFiles/CMakeTmp'


File /workspaces/CHIP-8-Emulator/src/SDL3-3.2.16/build/CMakeFiles/CMakeTmp/CheckSymbolExists.c:
/* */
#include <float.h>
#include <iconv.h>
#include <inttypes.h>
#include <limits.h>
#include <malloc.h>
#include <math.h>
#include <memory.h>
#include <signal.h>
#include <stdarg.h>
#include <stdbool.h>
#include <stddef.h>
#include <stdint.h>
#include <stdio.h>
#include <stdlib.h>
#include <string.h>
#include <strings.h>
#include <sys/types.h>
#include <time.h>
#include <wchar.h>

int main(int argc, char** argv)
{
  (void)argv;
#ifndef atoi
  return ((int*)(&atoi))[argc];
#else
  (void)argc;
  return 0;
#endif
}
Determining if the bcopy exist passed with the following output:
Change Dir: /workspaces/CHIP-8-Emulator/src/SDL3-3.2.16/build/CMakeFiles/CMakeTmp

Run Build Command(s):/usr/bin/make cmTC_55a5e/fast && /usr/bin/make -f CMakeFiles/cmTC_55a5e.dir/build.make CMakeFiles/cmTC_55a5e.dir/build
make[1]: Entering directory '/workspaces/CHIP-8-Emulator/src/SDL3-3.2.16/build/CMakeFiles/CMakeTmp'
Building C object CMakeFiles/cmTC_55a5e.dir/CheckSymbolExists.c.o
/usr/bin/cc   -D_GNU_SOURCE=1   -o CMakeFiles/cmTC_55a5e.dir/CheckSymbolExists.c.o   -c /workspaces/CHIP-8-Emulator/src/SDL3-3.2.16/build/CMakeFiles/CMakeTmp/CheckSymbolExists.c
Linking C executable cmTC_55a5e
/usr/bin/cmake -E cmake_link_script CMakeFiles/cmTC_55a5e.dir/link.txt --verbose=1
/usr/bin/cc   -D_GNU_SOURCE=1    CMakeFiles/cmTC_55a5e.dir/CheckSymbolExists.c.o  -o cmTC_55a5e  -lm 
make[1]: Leaving directory '/workspaces/CHIP-8-Emulator/src/SDL3-3.2.16/build/CMakeFiles/CMakeTmp'


File /workspaces/CHIP-8-Emulator/src/SDL3-3.2.16/build/CMakeFiles/CMakeTmp/CheckSymbolExists.c:
/* */
#include <float.h>
#include <iconv.h>
#include <inttypes.h>
#include <limits.h>
#include <malloc.h>
#include <math.h>
#include <memory.h>
#include <signal.h>
#include <stdarg.h>
#include <stdbool.h>
#include <stddef.h>
#include <stdint.h>
#include <stdio.h>
#include <stdlib.h>
#include <string.h>
#include <strings.h>
#include <sys/types.h>
#include <time.h>
#include <wchar.h>

int main(int argc, char** argv)
{
  (void)argv;
#ifndef bcopy
  return ((int*)(&bcopy))[argc];
#else
  (void)argc;
  return 0;
#endif
}
Determining if the ceil exist passed with the following output:
Change Dir: /workspaces/CHIP-8-Emulator/src/SDL3-3.2.16/build/CMakeFiles/CMakeTmp

Run Build Command(s):/usr/bin/make cmTC_92467/fast && /usr/bin/make -f CMakeFiles/cmTC_92467.dir/build.make CMakeFiles/cmTC_92467.dir/build
make[1]: Entering directory '/workspaces/CHIP-8-Emulator/src/SDL3-3.2.16/build/CMakeFiles/CMakeTmp'
Building C object CMakeFiles/cmTC_92467.dir/CheckSymbolExists.c.o
/usr/bin/cc   -D_GNU_SOURCE=1   -o CMakeFiles/cmTC_92467.dir/CheckSymbolExists.c.o   -c /workspaces/CHIP-8-Emulator/src/SDL3-3.2.16/build/CMakeFiles/CMakeTmp/CheckSymbolExists.c
Linking C executable cmTC_92467
/usr/bin/cmake -E cmake_link_script CMakeFiles/cmTC_92467.dir/link.txt --verbose=1
/usr/bin/cc   -D_GNU_SOURCE=1    CMakeFiles/cmTC_92467.dir/CheckSymbolExists.c.o  -o cmTC_92467  -lm 
make[1]: Leaving directory '/workspaces/CHIP-8-Emulator/src/SDL3-3.2.16/build/CMakeFiles/CMakeTmp'


File /workspaces/CHIP-8-Emulator/src/SDL3-3.2.16/build/CMakeFiles/CMakeTmp/CheckSymbolExists.c:
/* */
#include <float.h>
#include <iconv.h>
#include <inttypes.h>
#include <limits.h>
#include <malloc.h>
#include <math.h>
#include <memory.h>
#include <signal.h>
#include <stdarg.h>
#include <stdbool.h>
#include <stddef.h>
#include <stdint.h>
#include <stdio.h>
#include <stdlib.h>
#include <string.h>
#include <strings.h>
#include <sys/types.h>
#include <time.h>
#include <wchar.h>

int main(int argc, char** argv)
{
  (void)argv;
#ifndef ceil
  return ((int*)(&ceil))[argc];
#else
  (void)argc;
  return 0;
#endif
}
Determining if the ceilf exist passed with the following output:
Change Dir: /workspaces/CHIP-8-Emulator/src/SDL3-3.2.16/build/CMakeFiles/CMakeTmp

Run Build Command(s):/usr/bin/make cmTC_bbf40/fast && /usr/bin/make -f CMakeFiles/cmTC_bbf40.dir/build.make CMakeFiles/cmTC_bbf40.dir/build
make[1]: Entering directory '/workspaces/CHIP-8-Emulator/src/SDL3-3.2.16/build/CMakeFiles/CMakeTmp'
Building C object CMakeFiles/cmTC_bbf40.dir/CheckSymbolExists.c.o
/usr/bin/cc   -D_GNU_SOURCE=1   -o CMakeFiles/cmTC_bbf40.dir/CheckSymbolExists.c.o   -c /workspaces/CHIP-8-Emulator/src/SDL3-3.2.16/build/CMakeFiles/CMakeTmp/CheckSymbolExists.c
Linking C executable cmTC_bbf40
/usr/bin/cmake -E cmake_link_script CMakeFiles/cmTC_bbf40.dir/link.txt --verbose=1
/usr/bin/cc   -D_GNU_SOURCE=1    CMakeFiles/cmTC_bbf40.dir/CheckSymbolExists.c.o  -o cmTC_bbf40  -lm 
make[1]: Leaving directory '/workspaces/CHIP-8-Emulator/src/SDL3-3.2.16/build/CMakeFiles/CMakeTmp'


File /workspaces/CHIP-8-Emulator/src/SDL3-3.2.16/build/CMakeFiles/CMakeTmp/CheckSymbolExists.c:
/* */
#include <float.h>
#include <iconv.h>
#include <inttypes.h>
#include <limits.h>
#include <malloc.h>
#include <math.h>
#include <memory.h>
#include <signal.h>
#include <stdarg.h>
#include <stdbool.h>
#include <stddef.h>
#include <stdint.h>
#include <stdio.h>
#include <stdlib.h>
#include <string.h>
#include <strings.h>
#include <sys/types.h>
#include <time.h>
#include <wchar.h>

int main(int argc, char** argv)
{
  (void)argv;
#ifndef ceilf
  return ((int*)(&ceilf))[argc];
#else
  (void)argc;
  return 0;
#endif
}
Determining if the copysign exist passed with the following output:
Change Dir: /workspaces/CHIP-8-Emulator/src/SDL3-3.2.16/build/CMakeFiles/CMakeTmp

Run Build Command(s):/usr/bin/make cmTC_b55e0/fast && /usr/bin/make -f CMakeFiles/cmTC_b55e0.dir/build.make CMakeFiles/cmTC_b55e0.dir/build
make[1]: Entering directory '/workspaces/CHIP-8-Emulator/src/SDL3-3.2.16/build/CMakeFiles/CMakeTmp'
Building C object CMakeFiles/cmTC_b55e0.dir/CheckSymbolExists.c.o
/usr/bin/cc   -D_GNU_SOURCE=1   -o CMakeFiles/cmTC_b55e0.dir/CheckSymbolExists.c.o   -c /workspaces/CHIP-8-Emulator/src/SDL3-3.2.16/build/CMakeFiles/CMakeTmp/CheckSymbolExists.c
Linking C executable cmTC_b55e0
/usr/bin/cmake -E cmake_link_script CMakeFiles/cmTC_b55e0.dir/link.txt --verbose=1
/usr/bin/cc   -D_GNU_SOURCE=1    CMakeFiles/cmTC_b55e0.dir/CheckSymbolExists.c.o  -o cmTC_b55e0  -lm 
make[1]: Leaving directory '/workspaces/CHIP-8-Emulator/src/SDL3-3.2.16/build/CMakeFiles/CMakeTmp'


File /workspaces/CHIP-8-Emulator/src/SDL3-3.2.16/build/CMakeFiles/CMakeTmp/CheckSymbolExists.c:
/* */
#include <float.h>
#include <iconv.h>
#include <inttypes.h>
#include <limits.h>
#include <malloc.h>
#include <math.h>
#include <memory.h>
#include <signal.h>
#include <stdarg.h>
#include <stdbool.h>
#include <stddef.h>
#include <stdint.h>
#include <stdio.h>
#include <stdlib.h>
#include <string.h>
#include <strings.h>
#include <sys/types.h>
#include <time.h>
#include <wchar.h>

int main(int argc, char** argv)
{
  (void)argv;
#ifndef copysign
  return ((int*)(&copysign))[argc];
#else
  (void)argc;
  return 0;
#endif
}
Determining if the copysignf exist passed with the following output:
Change Dir: /workspaces/CHIP-8-Emulator/src/SDL3-3.2.16/build/CMakeFiles/CMakeTmp

Run Build Command(s):/usr/bin/make cmTC_6f23b/fast && /usr/bin/make -f CMakeFiles/cmTC_6f23b.dir/build.make CMakeFiles/cmTC_6f23b.dir/build
make[1]: Entering directory '/workspaces/CHIP-8-Emulator/src/SDL3-3.2.16/build/CMakeFiles/CMakeTmp'
Building C object CMakeFiles/cmTC_6f23b.dir/CheckSymbolExists.c.o
/usr/bin/cc   -D_GNU_SOURCE=1   -o CMakeFiles/cmTC_6f23b.dir/CheckSymbolExists.c.o   -c /workspaces/CHIP-8-Emulator/src/SDL3-3.2.16/build/CMakeFiles/CMakeTmp/CheckSymbolExists.c
Linking C executable cmTC_6f23b
/usr/bin/cmake -E cmake_link_script CMakeFiles/cmTC_6f23b.dir/link.txt --verbose=1
/usr/bin/cc   -D_GNU_SOURCE=1    CMakeFiles/cmTC_6f23b.dir/CheckSymbolExists.c.o  -o cmTC_6f23b  -lm 
make[1]: Leaving directory '/workspaces/CHIP-8-Emulator/src/SDL3-3.2.16/build/CMakeFiles/CMakeTmp'


File /workspaces/CHIP-8-Emulator/src/SDL3-3.2.16/build/CMakeFiles/CMakeTmp/CheckSymbolExists.c:
/* */
#include <float.h>
#include <iconv.h>
#include <inttypes.h>
#include <limits.h>
#include <malloc.h>
#include <math.h>
#include <memory.h>
#include <signal.h>
#include <stdarg.h>
#include <stdbool.h>
#include <stddef.h>
#include <stdint.h>
#include <stdio.h>
#include <stdlib.h>
#include <string.h>
#include <strings.h>
#include <sys/types.h>
#include <time.h>
#include <wchar.h>

int main(int argc, char** argv)
{
  (void)argv;
#ifndef copysignf
  return ((int*)(&copysignf))[argc];
#else
  (void)argc;
  return 0;
#endif
}
Determining if the cos exist passed with the following output:
Change Dir: /workspaces/CHIP-8-Emulator/src/SDL3-3.2.16/build/CMakeFiles/CMakeTmp

Run Build Command(s):/usr/bin/make cmTC_65788/fast && /usr/bin/make -f CMakeFiles/cmTC_65788.dir/build.make CMakeFiles/cmTC_65788.dir/build
make[1]: Entering directory '/workspaces/CHIP-8-Emulator/src/SDL3-3.2.16/build/CMakeFiles/CMakeTmp'
Building C object CMakeFiles/cmTC_65788.dir/CheckSymbolExists.c.o
/usr/bin/cc   -D_GNU_SOURCE=1   -o CMakeFiles/cmTC_65788.dir/CheckSymbolExists.c.o   -c /workspaces/CHIP-8-Emulator/src/SDL3-3.2.16/build/CMakeFiles/CMakeTmp/CheckSymbolExists.c
Linking C executable cmTC_65788
/usr/bin/cmake -E cmake_link_script CMakeFiles/cmTC_65788.dir/link.txt --verbose=1
/usr/bin/cc   -D_GNU_SOURCE=1    CMakeFiles/cmTC_65788.dir/CheckSymbolExists.c.o  -o cmTC_65788  -lm 
make[1]: Leaving directory '/workspaces/CHIP-8-Emulator/src/SDL3-3.2.16/build/CMakeFiles/CMakeTmp'


File /workspaces/CHIP-8-Emulator/src/SDL3-3.2.16/build/CMakeFiles/CMakeTmp/CheckSymbolExists.c:
/* */
#include <float.h>
#include <iconv.h>
#include <inttypes.h>
#include <limits.h>
#include <malloc.h>
#include <math.h>
#include <memory.h>
#include <signal.h>
#include <stdarg.h>
#include <stdbool.h>
#include <stddef.h>
#include <stdint.h>
#include <stdio.h>
#include <stdlib.h>
#include <string.h>
#include <strings.h>
#include <sys/types.h>
#include <time.h>
#include <wchar.h>

int main(int argc, char** argv)
{
  (void)argv;
#ifndef cos
  return ((int*)(&cos))[argc];
#else
  (void)argc;
  return 0;
#endif
}
Determining if the cosf exist passed with the following output:
Change Dir: /workspaces/CHIP-8-Emulator/src/SDL3-3.2.16/build/CMakeFiles/CMakeTmp

Run Build Command(s):/usr/bin/make cmTC_b3311/fast && /usr/bin/make -f CMakeFiles/cmTC_b3311.dir/build.make CMakeFiles/cmTC_b3311.dir/build
make[1]: Entering directory '/workspaces/CHIP-8-Emulator/src/SDL3-3.2.16/build/CMakeFiles/CMakeTmp'
Building C object CMakeFiles/cmTC_b3311.dir/CheckSymbolExists.c.o
/usr/bin/cc   -D_GNU_SOURCE=1   -o CMakeFiles/cmTC_b3311.dir/CheckSymbolExists.c.o   -c /workspaces/CHIP-8-Emulator/src/SDL3-3.2.16/build/CMakeFiles/CMakeTmp/CheckSymbolExists.c
Linking C executable cmTC_b3311
/usr/bin/cmake -E cmake_link_script CMakeFiles/cmTC_b3311.dir/link.txt --verbose=1
/usr/bin/cc   -D_GNU_SOURCE=1    CMakeFiles/cmTC_b3311.dir/CheckSymbolExists.c.o  -o cmTC_b3311  -lm 
make[1]: Leaving directory '/workspaces/CHIP-8-Emulator/src/SDL3-3.2.16/build/CMakeFiles/CMakeTmp'


File /workspaces/CHIP-8-Emulator/src/SDL3-3.2.16/build/CMakeFiles/CMakeTmp/CheckSymbolExists.c:
/* */
#include <float.h>
#include <iconv.h>
#include <inttypes.h>
#include <limits.h>
#include <malloc.h>
#include <math.h>
#include <memory.h>
#include <signal.h>
#include <stdarg.h>
#include <stdbool.h>
#include <stddef.h>
#include <stdint.h>
#include <stdio.h>
#include <stdlib.h>
#include <string.h>
#include <strings.h>
#include <sys/types.h>
#include <time.h>
#include <wchar.h>

int main(int argc, char** argv)
{
  (void)argv;
#ifndef cosf
  return ((int*)(&cosf))[argc];
#else
  (void)argc;
  return 0;
#endif
}
Determining if the _Exit exist passed with the following output:
Change Dir: /workspaces/CHIP-8-Emulator/src/SDL3-3.2.16/build/CMakeFiles/CMakeTmp

Run Build Command(s):/usr/bin/make cmTC_5f4eb/fast && /usr/bin/make -f CMakeFiles/cmTC_5f4eb.dir/build.make CMakeFiles/cmTC_5f4eb.dir/build
make[1]: Entering directory '/workspaces/CHIP-8-Emulator/src/SDL3-3.2.16/build/CMakeFiles/CMakeTmp'
Building C object CMakeFiles/cmTC_5f4eb.dir/CheckSymbolExists.c.o
/usr/bin/cc   -D_GNU_SOURCE=1   -o CMakeFiles/cmTC_5f4eb.dir/CheckSymbolExists.c.o   -c /workspaces/CHIP-8-Emulator/src/SDL3-3.2.16/build/CMakeFiles/CMakeTmp/CheckSymbolExists.c
Linking C executable cmTC_5f4eb
/usr/bin/cmake -E cmake_link_script CMakeFiles/cmTC_5f4eb.dir/link.txt --verbose=1
/usr/bin/cc   -D_GNU_SOURCE=1    CMakeFiles/cmTC_5f4eb.dir/CheckSymbolExists.c.o  -o cmTC_5f4eb  -lm 
make[1]: Leaving directory '/workspaces/CHIP-8-Emulator/src/SDL3-3.2.16/build/CMakeFiles/CMakeTmp'


File /workspaces/CHIP-8-Emulator/src/SDL3-3.2.16/build/CMakeFiles/CMakeTmp/CheckSymbolExists.c:
/* */
#include <float.h>
#include <iconv.h>
#include <inttypes.h>
#include <limits.h>
#include <malloc.h>
#include <math.h>
#include <memory.h>
#include <signal.h>
#include <stdarg.h>
#include <stdbool.h>
#include <stddef.h>
#include <stdint.h>
#include <stdio.h>
#include <stdlib.h>
#include <string.h>
#include <strings.h>
#include <sys/types.h>
#include <time.h>
#include <wchar.h>

int main(int argc, char** argv)
{
  (void)argv;
#ifndef _Exit
  return ((int*)(&_Exit))[argc];
#else
  (void)argc;
  return 0;
#endif
}
Determining if the exp exist passed with the following output:
Change Dir: /workspaces/CHIP-8-Emulator/src/SDL3-3.2.16/build/CMakeFiles/CMakeTmp

Run Build Command(s):/usr/bin/make cmTC_0efa4/fast && /usr/bin/make -f CMakeFiles/cmTC_0efa4.dir/build.make CMakeFiles/cmTC_0efa4.dir/build
make[1]: Entering directory '/workspaces/CHIP-8-Emulator/src/SDL3-3.2.16/build/CMakeFiles/CMakeTmp'
Building C object CMakeFiles/cmTC_0efa4.dir/CheckSymbolExists.c.o
/usr/bin/cc   -D_GNU_SOURCE=1   -o CMakeFiles/cmTC_0efa4.dir/CheckSymbolExists.c.o   -c /workspaces/CHIP-8-Emulator/src/SDL3-3.2.16/build/CMakeFiles/CMakeTmp/CheckSymbolExists.c
Linking C executable cmTC_0efa4
/usr/bin/cmake -E cmake_link_script CMakeFiles/cmTC_0efa4.dir/link.txt --verbose=1
/usr/bin/cc   -D_GNU_SOURCE=1    CMakeFiles/cmTC_0efa4.dir/CheckSymbolExists.c.o  -o cmTC_0efa4  -lm 
make[1]: Leaving directory '/workspaces/CHIP-8-Emulator/src/SDL3-3.2.16/build/CMakeFiles/CMakeTmp'


File /workspaces/CHIP-8-Emulator/src/SDL3-3.2.16/build/CMakeFiles/CMakeTmp/CheckSymbolExists.c:
/* */
#include <float.h>
#include <iconv.h>
#include <inttypes.h>
#include <limits.h>
#include <malloc.h>
#include <math.h>
#include <memory.h>
#include <signal.h>
#include <stdarg.h>
#include <stdbool.h>
#include <stddef.h>
#include <stdint.h>
#include <stdio.h>
#include <stdlib.h>
#include <string.h>
#include <strings.h>
#include <sys/types.h>
#include <time.h>
#include <wchar.h>

int main(int argc, char** argv)
{
  (void)argv;
#ifndef exp
  return ((int*)(&exp))[argc];
#else
  (void)argc;
  return 0;
#endif
}
Determining if the expf exist passed with the following output:
Change Dir: /workspaces/CHIP-8-Emulator/src/SDL3-3.2.16/build/CMakeFiles/CMakeTmp

Run Build Command(s):/usr/bin/make cmTC_10096/fast && /usr/bin/make -f CMakeFiles/cmTC_10096.dir/build.make CMakeFiles/cmTC_10096.dir/build
make[1]: Entering directory '/workspaces/CHIP-8-Emulator/src/SDL3-3.2.16/build/CMakeFiles/CMakeTmp'
Building C object CMakeFiles/cmTC_10096.dir/CheckSymbolExists.c.o
/usr/bin/cc   -D_GNU_SOURCE=1   -o CMakeFiles/cmTC_10096.dir/CheckSymbolExists.c.o   -c /workspaces/CHIP-8-Emulator/src/SDL3-3.2.16/build/CMakeFiles/CMakeTmp/CheckSymbolExists.c
Linking C executable cmTC_10096
/usr/bin/cmake -E cmake_link_script CMakeFiles/cmTC_10096.dir/link.txt --verbose=1
/usr/bin/cc   -D_GNU_SOURCE=1    CMakeFiles/cmTC_10096.dir/CheckSymbolExists.c.o  -o cmTC_10096  -lm 
make[1]: Leaving directory '/workspaces/CHIP-8-Emulator/src/SDL3-3.2.16/build/CMakeFiles/CMakeTmp'


File /workspaces/CHIP-8-Emulator/src/SDL3-3.2.16/build/CMakeFiles/CMakeTmp/CheckSymbolExists.c:
/* */
#include <float.h>
#include <iconv.h>
#include <inttypes.h>
#include <limits.h>
#include <malloc.h>
#include <math.h>
#include <memory.h>
#include <signal.h>
#include <stdarg.h>
#include <stdbool.h>
#include <stddef.h>
#include <stdint.h>
#include <stdio.h>
#include <stdlib.h>
#include <string.h>
#include <strings.h>
#include <sys/types.h>
#include <time.h>
#include <wchar.h>

int main(int argc, char** argv)
{
  (void)argv;
#ifndef expf
  return ((int*)(&expf))[argc];
#else
  (void)argc;
  return 0;
#endif
}
Determining if the fabs exist passed with the following output:
Change Dir: /workspaces/CHIP-8-Emulator/src/SDL3-3.2.16/build/CMakeFiles/CMakeTmp

Run Build Command(s):/usr/bin/make cmTC_25e5b/fast && /usr/bin/make -f CMakeFiles/cmTC_25e5b.dir/build.make CMakeFiles/cmTC_25e5b.dir/build
make[1]: Entering directory '/workspaces/CHIP-8-Emulator/src/SDL3-3.2.16/build/CMakeFiles/CMakeTmp'
Building C object CMakeFiles/cmTC_25e5b.dir/CheckSymbolExists.c.o
/usr/bin/cc   -D_GNU_SOURCE=1   -o CMakeFiles/cmTC_25e5b.dir/CheckSymbolExists.c.o   -c /workspaces/CHIP-8-Emulator/src/SDL3-3.2.16/build/CMakeFiles/CMakeTmp/CheckSymbolExists.c
Linking C executable cmTC_25e5b
/usr/bin/cmake -E cmake_link_script CMakeFiles/cmTC_25e5b.dir/link.txt --verbose=1
/usr/bin/cc   -D_GNU_SOURCE=1    CMakeFiles/cmTC_25e5b.dir/CheckSymbolExists.c.o  -o cmTC_25e5b  -lm 
make[1]: Leaving directory '/workspaces/CHIP-8-Emulator/src/SDL3-3.2.16/build/CMakeFiles/CMakeTmp'


File /workspaces/CHIP-8-Emulator/src/SDL3-3.2.16/build/CMakeFiles/CMakeTmp/CheckSymbolExists.c:
/* */
#include <float.h>
#include <iconv.h>
#include <inttypes.h>
#include <limits.h>
#include <malloc.h>
#include <math.h>
#include <memory.h>
#include <signal.h>
#include <stdarg.h>
#include <stdbool.h>
#include <stddef.h>
#include <stdint.h>
#include <stdio.h>
#include <stdlib.h>
#include <string.h>
#include <strings.h>
#include <sys/types.h>
#include <time.h>
#include <wchar.h>

int main(int argc, char** argv)
{
  (void)argv;
#ifndef fabs
  return ((int*)(&fabs))[argc];
#else
  (void)argc;
  return 0;
#endif
}
Determining if the fabsf exist passed with the following output:
Change Dir: /workspaces/CHIP-8-Emulator/src/SDL3-3.2.16/build/CMakeFiles/CMakeTmp

Run Build Command(s):/usr/bin/make cmTC_f8896/fast && /usr/bin/make -f CMakeFiles/cmTC_f8896.dir/build.make CMakeFiles/cmTC_f8896.dir/build
make[1]: Entering directory '/workspaces/CHIP-8-Emulator/src/SDL3-3.2.16/build/CMakeFiles/CMakeTmp'
Building C object CMakeFiles/cmTC_f8896.dir/CheckSymbolExists.c.o
/usr/bin/cc   -D_GNU_SOURCE=1   -o CMakeFiles/cmTC_f8896.dir/CheckSymbolExists.c.o   -c /workspaces/CHIP-8-Emulator/src/SDL3-3.2.16/build/CMakeFiles/CMakeTmp/CheckSymbolExists.c
Linking C executable cmTC_f8896
/usr/bin/cmake -E cmake_link_script CMakeFiles/cmTC_f8896.dir/link.txt --verbose=1
/usr/bin/cc   -D_GNU_SOURCE=1    CMakeFiles/cmTC_f8896.dir/CheckSymbolExists.c.o  -o cmTC_f8896  -lm 
make[1]: Leaving directory '/workspaces/CHIP-8-Emulator/src/SDL3-3.2.16/build/CMakeFiles/CMakeTmp'


File /workspaces/CHIP-8-Emulator/src/SDL3-3.2.16/build/CMakeFiles/CMakeTmp/CheckSymbolExists.c:
/* */
#include <float.h>
#include <iconv.h>
#include <inttypes.h>
#include <limits.h>
#include <malloc.h>
#include <math.h>
#include <memory.h>
#include <signal.h>
#include <stdarg.h>
#include <stdbool.h>
#include <stddef.h>
#include <stdint.h>
#include <stdio.h>
#include <stdlib.h>
#include <string.h>
#include <strings.h>
#include <sys/types.h>
#include <time.h>
#include <wchar.h>

int main(int argc, char** argv)
{
  (void)argv;
#ifndef fabsf
  return ((int*)(&fabsf))[argc];
#else
  (void)argc;
  return 0;
#endif
}
Determining if the floor exist passed with the following output:
Change Dir: /workspaces/CHIP-8-Emulator/src/SDL3-3.2.16/build/CMakeFiles/CMakeTmp

Run Build Command(s):/usr/bin/make cmTC_6cda8/fast && /usr/bin/make -f CMakeFiles/cmTC_6cda8.dir/build.make CMakeFiles/cmTC_6cda8.dir/build
make[1]: Entering directory '/workspaces/CHIP-8-Emulator/src/SDL3-3.2.16/build/CMakeFiles/CMakeTmp'
Building C object CMakeFiles/cmTC_6cda8.dir/CheckSymbolExists.c.o
/usr/bin/cc   -D_GNU_SOURCE=1   -o CMakeFiles/cmTC_6cda8.dir/CheckSymbolExists.c.o   -c /workspaces/CHIP-8-Emulator/src/SDL3-3.2.16/build/CMakeFiles/CMakeTmp/CheckSymbolExists.c
Linking C executable cmTC_6cda8
/usr/bin/cmake -E cmake_link_script CMakeFiles/cmTC_6cda8.dir/link.txt --verbose=1
/usr/bin/cc   -D_GNU_SOURCE=1    CMakeFiles/cmTC_6cda8.dir/CheckSymbolExists.c.o  -o cmTC_6cda8  -lm 
make[1]: Leaving directory '/workspaces/CHIP-8-Emulator/src/SDL3-3.2.16/build/CMakeFiles/CMakeTmp'


File /workspaces/CHIP-8-Emulator/src/SDL3-3.2.16/build/CMakeFiles/CMakeTmp/CheckSymbolExists.c:
/* */
#include <float.h>
#include <iconv.h>
#include <inttypes.h>
#include <limits.h>
#include <malloc.h>
#include <math.h>
#include <memory.h>
#include <signal.h>
#include <stdarg.h>
#include <stdbool.h>
#include <stddef.h>
#include <stdint.h>
#include <stdio.h>
#include <stdlib.h>
#include <string.h>
#include <strings.h>
#include <sys/types.h>
#include <time.h>
#include <wchar.h>

int main(int argc, char** argv)
{
  (void)argv;
#ifndef floor
  return ((int*)(&floor))[argc];
#else
  (void)argc;
  return 0;
#endif
}
Determining if the floorf exist passed with the following output:
Change Dir: /workspaces/CHIP-8-Emulator/src/SDL3-3.2.16/build/CMakeFiles/CMakeTmp

Run Build Command(s):/usr/bin/make cmTC_6298a/fast && /usr/bin/make -f CMakeFiles/cmTC_6298a.dir/build.make CMakeFiles/cmTC_6298a.dir/build
make[1]: Entering directory '/workspaces/CHIP-8-Emulator/src/SDL3-3.2.16/build/CMakeFiles/CMakeTmp'
Building C object CMakeFiles/cmTC_6298a.dir/CheckSymbolExists.c.o
/usr/bin/cc   -D_GNU_SOURCE=1   -o CMakeFiles/cmTC_6298a.dir/CheckSymbolExists.c.o   -c /workspaces/CHIP-8-Emulator/src/SDL3-3.2.16/build/CMakeFiles/CMakeTmp/CheckSymbolExists.c
Linking C executable cmTC_6298a
/usr/bin/cmake -E cmake_link_script CMakeFiles/cmTC_6298a.dir/link.txt --verbose=1
/usr/bin/cc   -D_GNU_SOURCE=1    CMakeFiles/cmTC_6298a.dir/CheckSymbolExists.c.o  -o cmTC_6298a  -lm 
make[1]: Leaving directory '/workspaces/CHIP-8-Emulator/src/SDL3-3.2.16/build/CMakeFiles/CMakeTmp'


File /workspaces/CHIP-8-Emulator/src/SDL3-3.2.16/build/CMakeFiles/CMakeTmp/CheckSymbolExists.c:
/* */
#include <float.h>
#include <iconv.h>
#include <inttypes.h>
#include <limits.h>
#include <malloc.h>
#include <math.h>
#include <memory.h>
#include <signal.h>
#include <stdarg.h>
#include <stdbool.h>
#include <stddef.h>
#include <stdint.h>
#include <stdio.h>
#include <stdlib.h>
#include <string.h>
#include <strings.h>
#include <sys/types.h>
#include <time.h>
#include <wchar.h>

int main(int argc, char** argv)
{
  (void)argv;
#ifndef floorf
  return ((int*)(&floorf))[argc];
#else
  (void)argc;
  return 0;
#endif
}
Determining if the fmod exist passed with the following output:
Change Dir: /workspaces/CHIP-8-Emulator/src/SDL3-3.2.16/build/CMakeFiles/CMakeTmp

Run Build Command(s):/usr/bin/make cmTC_6b52e/fast && /usr/bin/make -f CMakeFiles/cmTC_6b52e.dir/build.make CMakeFiles/cmTC_6b52e.dir/build
make[1]: Entering directory '/workspaces/CHIP-8-Emulator/src/SDL3-3.2.16/build/CMakeFiles/CMakeTmp'
Building C object CMakeFiles/cmTC_6b52e.dir/CheckSymbolExists.c.o
/usr/bin/cc   -D_GNU_SOURCE=1   -o CMakeFiles/cmTC_6b52e.dir/CheckSymbolExists.c.o   -c /workspaces/CHIP-8-Emulator/src/SDL3-3.2.16/build/CMakeFiles/CMakeTmp/CheckSymbolExists.c
Linking C executable cmTC_6b52e
/usr/bin/cmake -E cmake_link_script CMakeFiles/cmTC_6b52e.dir/link.txt --verbose=1
/usr/bin/cc   -D_GNU_SOURCE=1    CMakeFiles/cmTC_6b52e.dir/CheckSymbolExists.c.o  -o cmTC_6b52e  -lm 
make[1]: Leaving directory '/workspaces/CHIP-8-Emulator/src/SDL3-3.2.16/build/CMakeFiles/CMakeTmp'


File /workspaces/CHIP-8-Emulator/src/SDL3-3.2.16/build/CMakeFiles/CMakeTmp/CheckSymbolExists.c:
/* */
#include <float.h>
#include <iconv.h>
#include <inttypes.h>
#include <limits.h>
#include <malloc.h>
#include <math.h>
#include <memory.h>
#include <signal.h>
#include <stdarg.h>
#include <stdbool.h>
#include <stddef.h>
#include <stdint.h>
#include <stdio.h>
#include <stdlib.h>
#include <string.h>
#include <strings.h>
#include <sys/types.h>
#include <time.h>
#include <wchar.h>

int main(int argc, char** argv)
{
  (void)argv;
#ifndef fmod
  return ((int*)(&fmod))[argc];
#else
  (void)argc;
  return 0;
#endif
}
Determining if the fmodf exist passed with the following output:
Change Dir: /workspaces/CHIP-8-Emulator/src/SDL3-3.2.16/build/CMakeFiles/CMakeTmp

Run Build Command(s):/usr/bin/make cmTC_16808/fast && /usr/bin/make -f CMakeFiles/cmTC_16808.dir/build.make CMakeFiles/cmTC_16808.dir/build
make[1]: Entering directory '/workspaces/CHIP-8-Emulator/src/SDL3-3.2.16/build/CMakeFiles/CMakeTmp'
Building C object CMakeFiles/cmTC_16808.dir/CheckSymbolExists.c.o
/usr/bin/cc   -D_GNU_SOURCE=1   -o CMakeFiles/cmTC_16808.dir/CheckSymbolExists.c.o   -c /workspaces/CHIP-8-Emulator/src/SDL3-3.2.16/build/CMakeFiles/CMakeTmp/CheckSymbolExists.c
Linking C executable cmTC_16808
/usr/bin/cmake -E cmake_link_script CMakeFiles/cmTC_16808.dir/link.txt --verbose=1
/usr/bin/cc   -D_GNU_SOURCE=1    CMakeFiles/cmTC_16808.dir/CheckSymbolExists.c.o  -o cmTC_16808  -lm 
make[1]: Leaving directory '/workspaces/CHIP-8-Emulator/src/SDL3-3.2.16/build/CMakeFiles/CMakeTmp'


File /workspaces/CHIP-8-Emulator/src/SDL3-3.2.16/build/CMakeFiles/CMakeTmp/CheckSymbolExists.c:
/* */
#include <float.h>
#include <iconv.h>
#include <inttypes.h>
#include <limits.h>
#include <malloc.h>
#include <math.h>
#include <memory.h>
#include <signal.h>
#include <stdarg.h>
#include <stdbool.h>
#include <stddef.h>
#include <stdint.h>
#include <stdio.h>
#include <stdlib.h>
#include <string.h>
#include <strings.h>
#include <sys/types.h>
#include <time.h>
#include <wchar.h>

int main(int argc, char** argv)
{
  (void)argv;
#ifndef fmodf
  return ((int*)(&fmodf))[argc];
#else
  (void)argc;
  return 0;
#endif
}
Determining if the fopen64 exist passed with the following output:
Change Dir: /workspaces/CHIP-8-Emulator/src/SDL3-3.2.16/build/CMakeFiles/CMakeTmp

Run Build Command(s):/usr/bin/make cmTC_8038d/fast && /usr/bin/make -f CMakeFiles/cmTC_8038d.dir/build.make CMakeFiles/cmTC_8038d.dir/build
make[1]: Entering directory '/workspaces/CHIP-8-Emulator/src/SDL3-3.2.16/build/CMakeFiles/CMakeTmp'
Building C object CMakeFiles/cmTC_8038d.dir/CheckSymbolExists.c.o
/usr/bin/cc   -D_GNU_SOURCE=1   -o CMakeFiles/cmTC_8038d.dir/CheckSymbolExists.c.o   -c /workspaces/CHIP-8-Emulator/src/SDL3-3.2.16/build/CMakeFiles/CMakeTmp/CheckSymbolExists.c
Linking C executable cmTC_8038d
/usr/bin/cmake -E cmake_link_script CMakeFiles/cmTC_8038d.dir/link.txt --verbose=1
/usr/bin/cc   -D_GNU_SOURCE=1    CMakeFiles/cmTC_8038d.dir/CheckSymbolExists.c.o  -o cmTC_8038d  -lm 
make[1]: Leaving directory '/workspaces/CHIP-8-Emulator/src/SDL3-3.2.16/build/CMakeFiles/CMakeTmp'


File /workspaces/CHIP-8-Emulator/src/SDL3-3.2.16/build/CMakeFiles/CMakeTmp/CheckSymbolExists.c:
/* */
#include <float.h>
#include <iconv.h>
#include <inttypes.h>
#include <limits.h>
#include <malloc.h>
#include <math.h>
#include <memory.h>
#include <signal.h>
#include <stdarg.h>
#include <stdbool.h>
#include <stddef.h>
#include <stdint.h>
#include <stdio.h>
#include <stdlib.h>
#include <string.h>
#include <strings.h>
#include <sys/types.h>
#include <time.h>
#include <wchar.h>

int main(int argc, char** argv)
{
  (void)argv;
#ifndef fopen64
  return ((int*)(&fopen64))[argc];
#else
  (void)argc;
  return 0;
#endif
}
Determining if the fseeko exist passed with the following output:
Change Dir: /workspaces/CHIP-8-Emulator/src/SDL3-3.2.16/build/CMakeFiles/CMakeTmp

Run Build Command(s):/usr/bin/make cmTC_9b44e/fast && /usr/bin/make -f CMakeFiles/cmTC_9b44e.dir/build.make CMakeFiles/cmTC_9b44e.dir/build
make[1]: Entering directory '/workspaces/CHIP-8-Emulator/src/SDL3-3.2.16/build/CMakeFiles/CMakeTmp'
Building C object CMakeFiles/cmTC_9b44e.dir/CheckSymbolExists.c.o
/usr/bin/cc   -D_GNU_SOURCE=1   -o CMakeFiles/cmTC_9b44e.dir/CheckSymbolExists.c.o   -c /workspaces/CHIP-8-Emulator/src/SDL3-3.2.16/build/CMakeFiles/CMakeTmp/CheckSymbolExists.c
Linking C executable cmTC_9b44e
/usr/bin/cmake -E cmake_link_script CMakeFiles/cmTC_9b44e.dir/link.txt --verbose=1
/usr/bin/cc   -D_GNU_SOURCE=1    CMakeFiles/cmTC_9b44e.dir/CheckSymbolExists.c.o  -o cmTC_9b44e  -lm 
make[1]: Leaving directory '/workspaces/CHIP-8-Emulator/src/SDL3-3.2.16/build/CMakeFiles/CMakeTmp'


File /workspaces/CHIP-8-Emulator/src/SDL3-3.2.16/build/CMakeFiles/CMakeTmp/CheckSymbolExists.c:
/* */
#include <float.h>
#include <iconv.h>
#include <inttypes.h>
#include <limits.h>
#include <malloc.h>
#include <math.h>
#include <memory.h>
#include <signal.h>
#include <stdarg.h>
#include <stdbool.h>
#include <stddef.h>
#include <stdint.h>
#include <stdio.h>
#include <stdlib.h>
#include <string.h>
#include <strings.h>
#include <sys/types.h>
#include <time.h>
#include <wchar.h>

int main(int argc, char** argv)
{
  (void)argv;
#ifndef fseeko
  return ((int*)(&fseeko))[argc];
#else
  (void)argc;
  return 0;
#endif
}
Determining if the fseeko64 exist passed with the following output:
Change Dir: /workspaces/CHIP-8-Emulator/src/SDL3-3.2.16/build/CMakeFiles/CMakeTmp

Run Build Command(s):/usr/bin/make cmTC_47a4e/fast && /usr/bin/make -f CMakeFiles/cmTC_47a4e.dir/build.make CMakeFiles/cmTC_47a4e.dir/build
make[1]: Entering directory '/workspaces/CHIP-8-Emulator/src/SDL3-3.2.16/build/CMakeFiles/CMakeTmp'
Building C object CMakeFiles/cmTC_47a4e.dir/CheckSymbolExists.c.o
/usr/bin/cc   -D_GNU_SOURCE=1   -o CMakeFiles/cmTC_47a4e.dir/CheckSymbolExists.c.o   -c /workspaces/CHIP-8-Emulator/src/SDL3-3.2.16/build/CMakeFiles/CMakeTmp/CheckSymbolExists.c
Linking C executable cmTC_47a4e
/usr/bin/cmake -E cmake_link_script CMakeFiles/cmTC_47a4e.dir/link.txt --verbose=1
/usr/bin/cc   -D_GNU_SOURCE=1    CMakeFiles/cmTC_47a4e.dir/CheckSymbolExists.c.o  -o cmTC_47a4e  -lm 
make[1]: Leaving directory '/workspaces/CHIP-8-Emulator/src/SDL3-3.2.16/build/CMakeFiles/CMakeTmp'


File /workspaces/CHIP-8-Emulator/src/SDL3-3.2.16/build/CMakeFiles/CMakeTmp/CheckSymbolExists.c:
/* */
#include <float.h>
#include <iconv.h>
#include <inttypes.h>
#include <limits.h>
#include <malloc.h>
#include <math.h>
#include <memory.h>
#include <signal.h>
#include <stdarg.h>
#include <stdbool.h>
#include <stddef.h>
#include <stdint.h>
#include <stdio.h>
#include <stdlib.h>
#include <string.h>
#include <strings.h>
#include <sys/types.h>
#include <time.h>
#include <wchar.h>

int main(int argc, char** argv)
{
  (void)argv;
#ifndef fseeko64
  return ((int*)(&fseeko64))[argc];
#else
  (void)argc;
  return 0;
#endif
}
Determining if the getenv exist passed with the following output:
Change Dir: /workspaces/CHIP-8-Emulator/src/SDL3-3.2.16/build/CMakeFiles/CMakeTmp

Run Build Command(s):/usr/bin/make cmTC_5f329/fast && /usr/bin/make -f CMakeFiles/cmTC_5f329.dir/build.make CMakeFiles/cmTC_5f329.dir/build
make[1]: Entering directory '/workspaces/CHIP-8-Emulator/src/SDL3-3.2.16/build/CMakeFiles/CMakeTmp'
Building C object CMakeFiles/cmTC_5f329.dir/CheckSymbolExists.c.o
/usr/bin/cc   -D_GNU_SOURCE=1   -o CMakeFiles/cmTC_5f329.dir/CheckSymbolExists.c.o   -c /workspaces/CHIP-8-Emulator/src/SDL3-3.2.16/build/CMakeFiles/CMakeTmp/CheckSymbolExists.c
Linking C executable cmTC_5f329
/usr/bin/cmake -E cmake_link_script CMakeFiles/cmTC_5f329.dir/link.txt --verbose=1
/usr/bin/cc   -D_GNU_SOURCE=1    CMakeFiles/cmTC_5f329.dir/CheckSymbolExists.c.o  -o cmTC_5f329  -lm 
make[1]: Leaving directory '/workspaces/CHIP-8-Emulator/src/SDL3-3.2.16/build/CMakeFiles/CMakeTmp'


File /workspaces/CHIP-8-Emulator/src/SDL3-3.2.16/build/CMakeFiles/CMakeTmp/CheckSymbolExists.c:
/* */
#include <float.h>
#include <iconv.h>
#include <inttypes.h>
#include <limits.h>
#include <malloc.h>
#include <math.h>
#include <memory.h>
#include <signal.h>
#include <stdarg.h>
#include <stdbool.h>
#include <stddef.h>
#include <stdint.h>
#include <stdio.h>
#include <stdlib.h>
#include <string.h>
#include <strings.h>
#include <sys/types.h>
#include <time.h>
#include <wchar.h>

int main(int argc, char** argv)
{
  (void)argv;
#ifndef getenv
  return ((int*)(&getenv))[argc];
#else
  (void)argc;
  return 0;
#endif
}
Determining if the index exist passed with the following output:
Change Dir: /workspaces/CHIP-8-Emulator/src/SDL3-3.2.16/build/CMakeFiles/CMakeTmp

Run Build Command(s):/usr/bin/make cmTC_9434d/fast && /usr/bin/make -f CMakeFiles/cmTC_9434d.dir/build.make CMakeFiles/cmTC_9434d.dir/build
make[1]: Entering directory '/workspaces/CHIP-8-Emulator/src/SDL3-3.2.16/build/CMakeFiles/CMakeTmp'
Building C object CMakeFiles/cmTC_9434d.dir/CheckSymbolExists.c.o
/usr/bin/cc   -D_GNU_SOURCE=1   -o CMakeFiles/cmTC_9434d.dir/CheckSymbolExists.c.o   -c /workspaces/CHIP-8-Emulator/src/SDL3-3.2.16/build/CMakeFiles/CMakeTmp/CheckSymbolExists.c
Linking C executable cmTC_9434d
/usr/bin/cmake -E cmake_link_script CMakeFiles/cmTC_9434d.dir/link.txt --verbose=1
/usr/bin/cc   -D_GNU_SOURCE=1    CMakeFiles/cmTC_9434d.dir/CheckSymbolExists.c.o  -o cmTC_9434d  -lm 
make[1]: Leaving directory '/workspaces/CHIP-8-Emulator/src/SDL3-3.2.16/build/CMakeFiles/CMakeTmp'


File /workspaces/CHIP-8-Emulator/src/SDL3-3.2.16/build/CMakeFiles/CMakeTmp/CheckSymbolExists.c:
/* */
#include <float.h>
#include <iconv.h>
#include <inttypes.h>
#include <limits.h>
#include <malloc.h>
#include <math.h>
#include <memory.h>
#include <signal.h>
#include <stdarg.h>
#include <stdbool.h>
#include <stddef.h>
#include <stdint.h>
#include <stdio.h>
#include <stdlib.h>
#include <string.h>
#include <strings.h>
#include <sys/types.h>
#include <time.h>
#include <wchar.h>

int main(int argc, char** argv)
{
  (void)argv;
#ifndef index
  return ((int*)(&index))[argc];
#else
  (void)argc;
  return 0;
#endif
}
Determining if the log exist passed with the following output:
Change Dir: /workspaces/CHIP-8-Emulator/src/SDL3-3.2.16/build/CMakeFiles/CMakeTmp

Run Build Command(s):/usr/bin/make cmTC_1b890/fast && /usr/bin/make -f CMakeFiles/cmTC_1b890.dir/build.make CMakeFiles/cmTC_1b890.dir/build
make[1]: Entering directory '/workspaces/CHIP-8-Emulator/src/SDL3-3.2.16/build/CMakeFiles/CMakeTmp'
Building C object CMakeFiles/cmTC_1b890.dir/CheckSymbolExists.c.o
/usr/bin/cc   -D_GNU_SOURCE=1   -o CMakeFiles/cmTC_1b890.dir/CheckSymbolExists.c.o   -c /workspaces/CHIP-8-Emulator/src/SDL3-3.2.16/build/CMakeFiles/CMakeTmp/CheckSymbolExists.c
Linking C executable cmTC_1b890
/usr/bin/cmake -E cmake_link_script CMakeFiles/cmTC_1b890.dir/link.txt --verbose=1
/usr/bin/cc   -D_GNU_SOURCE=1    CMakeFiles/cmTC_1b890.dir/CheckSymbolExists.c.o  -o cmTC_1b890  -lm 
make[1]: Leaving directory '/workspaces/CHIP-8-Emulator/src/SDL3-3.2.16/build/CMakeFiles/CMakeTmp'


File /workspaces/CHIP-8-Emulator/src/SDL3-3.2.16/build/CMakeFiles/CMakeTmp/CheckSymbolExists.c:
/* */
#include <float.h>
#include <iconv.h>
#include <inttypes.h>
#include <limits.h>
#include <malloc.h>
#include <math.h>
#include <memory.h>
#include <signal.h>
#include <stdarg.h>
#include <stdbool.h>
#include <stddef.h>
#include <stdint.h>
#include <stdio.h>
#include <stdlib.h>
#include <string.h>
#include <strings.h>
#include <sys/types.h>
#include <time.h>
#include <wchar.h>

int main(int argc, char** argv)
{
  (void)argv;
#ifndef log
  return ((int*)(&log))[argc];
#else
  (void)argc;
  return 0;
#endif
}
Determining if the log10 exist passed with the following output:
Change Dir: /workspaces/CHIP-8-Emulator/src/SDL3-3.2.16/build/CMakeFiles/CMakeTmp

Run Build Command(s):/usr/bin/make cmTC_0932e/fast && /usr/bin/make -f CMakeFiles/cmTC_0932e.dir/build.make CMakeFiles/cmTC_0932e.dir/build
make[1]: Entering directory '/workspaces/CHIP-8-Emulator/src/SDL3-3.2.16/build/CMakeFiles/CMakeTmp'
Building C object CMakeFiles/cmTC_0932e.dir/CheckSymbolExists.c.o
/usr/bin/cc   -D_GNU_SOURCE=1   -o CMakeFiles/cmTC_0932e.dir/CheckSymbolExists.c.o   -c /workspaces/CHIP-8-Emulator/src/SDL3-3.2.16/build/CMakeFiles/CMakeTmp/CheckSymbolExists.c
Linking C executable cmTC_0932e
/usr/bin/cmake -E cmake_link_script CMakeFiles/cmTC_0932e.dir/link.txt --verbose=1
/usr/bin/cc   -D_GNU_SOURCE=1    CMakeFiles/cmTC_0932e.dir/CheckSymbolExists.c.o  -o cmTC_0932e  -lm 
make[1]: Leaving directory '/workspaces/CHIP-8-Emulator/src/SDL3-3.2.16/build/CMakeFiles/CMakeTmp'


File /workspaces/CHIP-8-Emulator/src/SDL3-3.2.16/build/CMakeFiles/CMakeTmp/CheckSymbolExists.c:
/* */
#include <float.h>
#include <iconv.h>
#include <inttypes.h>
#include <limits.h>
#include <malloc.h>
#include <math.h>
#include <memory.h>
#include <signal.h>
#include <stdarg.h>
#include <stdbool.h>
#include <stddef.h>
#include <stdint.h>
#include <stdio.h>
#include <stdlib.h>
#include <string.h>
#include <strings.h>
#include <sys/types.h>
#include <time.h>
#include <wchar.h>

int main(int argc, char** argv)
{
  (void)argv;
#ifndef log10
  return ((int*)(&log10))[argc];
#else
  (void)argc;
  return 0;
#endif
}
Determining if the log10f exist passed with the following output:
Change Dir: /workspaces/CHIP-8-Emulator/src/SDL3-3.2.16/build/CMakeFiles/CMakeTmp

Run Build Command(s):/usr/bin/make cmTC_a29cc/fast && /usr/bin/make -f CMakeFiles/cmTC_a29cc.dir/build.make CMakeFiles/cmTC_a29cc.dir/build
make[1]: Entering directory '/workspaces/CHIP-8-Emulator/src/SDL3-3.2.16/build/CMakeFiles/CMakeTmp'
Building C object CMakeFiles/cmTC_a29cc.dir/CheckSymbolExists.c.o
/usr/bin/cc   -D_GNU_SOURCE=1   -o CMakeFiles/cmTC_a29cc.dir/CheckSymbolExists.c.o   -c /workspaces/CHIP-8-Emulator/src/SDL3-3.2.16/build/CMakeFiles/CMakeTmp/CheckSymbolExists.c
Linking C executable cmTC_a29cc
/usr/bin/cmake -E cmake_link_script CMakeFiles/cmTC_a29cc.dir/link.txt --verbose=1
/usr/bin/cc   -D_GNU_SOURCE=1    CMakeFiles/cmTC_a29cc.dir/CheckSymbolExists.c.o  -o cmTC_a29cc  -lm 
make[1]: Leaving directory '/workspaces/CHIP-8-Emulator/src/SDL3-3.2.16/build/CMakeFiles/CMakeTmp'


File /workspaces/CHIP-8-Emulator/src/SDL3-3.2.16/build/CMakeFiles/CMakeTmp/CheckSymbolExists.c:
/* */
#include <float.h>
#include <iconv.h>
#include <inttypes.h>
#include <limits.h>
#include <malloc.h>
#include <math.h>
#include <memory.h>
#include <signal.h>
#include <stdarg.h>
#include <stdbool.h>
#include <stddef.h>
#include <stdint.h>
#include <stdio.h>
#include <stdlib.h>
#include <string.h>
#include <strings.h>
#include <sys/types.h>
#include <time.h>
#include <wchar.h>

int main(int argc, char** argv)
{
  (void)argv;
#ifndef log10f
  return ((int*)(&log10f))[argc];
#else
  (void)argc;
  return 0;
#endif
}
Determining if the logf exist passed with the following output:
Change Dir: /workspaces/CHIP-8-Emulator/src/SDL3-3.2.16/build/CMakeFiles/CMakeTmp

Run Build Command(s):/usr/bin/make cmTC_1d084/fast && /usr/bin/make -f CMakeFiles/cmTC_1d084.dir/build.make CMakeFiles/cmTC_1d084.dir/build
make[1]: Entering directory '/workspaces/CHIP-8-Emulator/src/SDL3-3.2.16/build/CMakeFiles/CMakeTmp'
Building C object CMakeFiles/cmTC_1d084.dir/CheckSymbolExists.c.o
/usr/bin/cc   -D_GNU_SOURCE=1   -o CMakeFiles/cmTC_1d084.dir/CheckSymbolExists.c.o   -c /workspaces/CHIP-8-Emulator/src/SDL3-3.2.16/build/CMakeFiles/CMakeTmp/CheckSymbolExists.c
Linking C executable cmTC_1d084
/usr/bin/cmake -E cmake_link_script CMakeFiles/cmTC_1d084.dir/link.txt --verbose=1
/usr/bin/cc   -D_GNU_SOURCE=1    CMakeFiles/cmTC_1d084.dir/CheckSymbolExists.c.o  -o cmTC_1d084  -lm 
make[1]: Leaving directory '/workspaces/CHIP-8-Emulator/src/SDL3-3.2.16/build/CMakeFiles/CMakeTmp'


File /workspaces/CHIP-8-Emulator/src/SDL3-3.2.16/build/CMakeFiles/CMakeTmp/CheckSymbolExists.c:
/* */
#include <float.h>
#include <iconv.h>
#include <inttypes.h>
#include <limits.h>
#include <malloc.h>
#include <math.h>
#include <memory.h>
#include <signal.h>
#include <stdarg.h>
#include <stdbool.h>
#include <stddef.h>
#include <stdint.h>
#include <stdio.h>
#include <stdlib.h>
#include <string.h>
#include <strings.h>
#include <sys/types.h>
#include <time.h>
#include <wchar.h>

int main(int argc, char** argv)
{
  (void)argv;
#ifndef logf
  return ((int*)(&logf))[argc];
#else
  (void)argc;
  return 0;
#endif
}
Determining if the lround exist passed with the following output:
Change Dir: /workspaces/CHIP-8-Emulator/src/SDL3-3.2.16/build/CMakeFiles/CMakeTmp

Run Build Command(s):/usr/bin/make cmTC_66388/fast && /usr/bin/make -f CMakeFiles/cmTC_66388.dir/build.make CMakeFiles/cmTC_66388.dir/build
make[1]: Entering directory '/workspaces/CHIP-8-Emulator/src/SDL3-3.2.16/build/CMakeFiles/CMakeTmp'
Building C object CMakeFiles/cmTC_66388.dir/CheckSymbolExists.c.o
/usr/bin/cc   -D_GNU_SOURCE=1   -o CMakeFiles/cmTC_66388.dir/CheckSymbolExists.c.o   -c /workspaces/CHIP-8-Emulator/src/SDL3-3.2.16/build/CMakeFiles/CMakeTmp/CheckSymbolExists.c
Linking C executable cmTC_66388
/usr/bin/cmake -E cmake_link_script CMakeFiles/cmTC_66388.dir/link.txt --verbose=1
/usr/bin/cc   -D_GNU_SOURCE=1    CMakeFiles/cmTC_66388.dir/CheckSymbolExists.c.o  -o cmTC_66388  -lm 
make[1]: Leaving directory '/workspaces/CHIP-8-Emulator/src/SDL3-3.2.16/build/CMakeFiles/CMakeTmp'


File /workspaces/CHIP-8-Emulator/src/SDL3-3.2.16/build/CMakeFiles/CMakeTmp/CheckSymbolExists.c:
/* */
#include <float.h>
#include <iconv.h>
#include <inttypes.h>
#include <limits.h>
#include <malloc.h>
#include <math.h>
#include <memory.h>
#include <signal.h>
#include <stdarg.h>
#include <stdbool.h>
#include <stddef.h>
#include <stdint.h>
#include <stdio.h>
#include <stdlib.h>
#include <string.h>
#include <strings.h>
#include <sys/types.h>
#include <time.h>
#include <wchar.h>

int main(int argc, char** argv)
{
  (void)argv;
#ifndef lround
  return ((int*)(&lround))[argc];
#else
  (void)argc;
  return 0;
#endif
}
Determining if the lroundf exist passed with the following output:
Change Dir: /workspaces/CHIP-8-Emulator/src/SDL3-3.2.16/build/CMakeFiles/CMakeTmp

Run Build Command(s):/usr/bin/make cmTC_f8895/fast && /usr/bin/make -f CMakeFiles/cmTC_f8895.dir/build.make CMakeFiles/cmTC_f8895.dir/build
make[1]: Entering directory '/workspaces/CHIP-8-Emulator/src/SDL3-3.2.16/build/CMakeFiles/CMakeTmp'
Building C object CMakeFiles/cmTC_f8895.dir/CheckSymbolExists.c.o
/usr/bin/cc   -D_GNU_SOURCE=1   -o CMakeFiles/cmTC_f8895.dir/CheckSymbolExists.c.o   -c /workspaces/CHIP-8-Emulator/src/SDL3-3.2.16/build/CMakeFiles/CMakeTmp/CheckSymbolExists.c
Linking C executable cmTC_f8895
/usr/bin/cmake -E cmake_link_script CMakeFiles/cmTC_f8895.dir/link.txt --verbose=1
/usr/bin/cc   -D_GNU_SOURCE=1    CMakeFiles/cmTC_f8895.dir/CheckSymbolExists.c.o  -o cmTC_f8895  -lm 
make[1]: Leaving directory '/workspaces/CHIP-8-Emulator/src/SDL3-3.2.16/build/CMakeFiles/CMakeTmp'


File /workspaces/CHIP-8-Emulator/src/SDL3-3.2.16/build/CMakeFiles/CMakeTmp/CheckSymbolExists.c:
/* */
#include <float.h>
#include <iconv.h>
#include <inttypes.h>
#include <limits.h>
#include <malloc.h>
#include <math.h>
#include <memory.h>
#include <signal.h>
#include <stdarg.h>
#include <stdbool.h>
#include <stddef.h>
#include <stdint.h>
#include <stdio.h>
#include <stdlib.h>
#include <string.h>
#include <strings.h>
#include <sys/types.h>
#include <time.h>
#include <wchar.h>

int main(int argc, char** argv)
{
  (void)argv;
#ifndef lroundf
  return ((int*)(&lroundf))[argc];
#else
  (void)argc;
  return 0;
#endif
}
Determining if the malloc exist passed with the following output:
Change Dir: /workspaces/CHIP-8-Emulator/src/SDL3-3.2.16/build/CMakeFiles/CMakeTmp

Run Build Command(s):/usr/bin/make cmTC_9355a/fast && /usr/bin/make -f CMakeFiles/cmTC_9355a.dir/build.make CMakeFiles/cmTC_9355a.dir/build
make[1]: Entering directory '/workspaces/CHIP-8-Emulator/src/SDL3-3.2.16/build/CMakeFiles/CMakeTmp'
Building C object CMakeFiles/cmTC_9355a.dir/CheckSymbolExists.c.o
/usr/bin/cc   -D_GNU_SOURCE=1   -o CMakeFiles/cmTC_9355a.dir/CheckSymbolExists.c.o   -c /workspaces/CHIP-8-Emulator/src/SDL3-3.2.16/build/CMakeFiles/CMakeTmp/CheckSymbolExists.c
Linking C executable cmTC_9355a
/usr/bin/cmake -E cmake_link_script CMakeFiles/cmTC_9355a.dir/link.txt --verbose=1
/usr/bin/cc   -D_GNU_SOURCE=1    CMakeFiles/cmTC_9355a.dir/CheckSymbolExists.c.o  -o cmTC_9355a  -lm 
make[1]: Leaving directory '/workspaces/CHIP-8-Emulator/src/SDL3-3.2.16/build/CMakeFiles/CMakeTmp'


File /workspaces/CHIP-8-Emulator/src/SDL3-3.2.16/build/CMakeFiles/CMakeTmp/CheckSymbolExists.c:
/* */
#include <float.h>
#include <iconv.h>
#include <inttypes.h>
#include <limits.h>
#include <malloc.h>
#include <math.h>
#include <memory.h>
#include <signal.h>
#include <stdarg.h>
#include <stdbool.h>
#include <stddef.h>
#include <stdint.h>
#include <stdio.h>
#include <stdlib.h>
#include <string.h>
#include <strings.h>
#include <sys/types.h>
#include <time.h>
#include <wchar.h>

int main(int argc, char** argv)
{
  (void)argv;
#ifndef malloc
  return ((int*)(&malloc))[argc];
#else
  (void)argc;
  return 0;
#endif
}
Determining if the memcmp exist passed with the following output:
Change Dir: /workspaces/CHIP-8-Emulator/src/SDL3-3.2.16/build/CMakeFiles/CMakeTmp

Run Build Command(s):/usr/bin/make cmTC_cfc44/fast && /usr/bin/make -f CMakeFiles/cmTC_cfc44.dir/build.make CMakeFiles/cmTC_cfc44.dir/build
make[1]: Entering directory '/workspaces/CHIP-8-Emulator/src/SDL3-3.2.16/build/CMakeFiles/CMakeTmp'
Building C object CMakeFiles/cmTC_cfc44.dir/CheckSymbolExists.c.o
/usr/bin/cc   -D_GNU_SOURCE=1   -o CMakeFiles/cmTC_cfc44.dir/CheckSymbolExists.c.o   -c /workspaces/CHIP-8-Emulator/src/SDL3-3.2.16/build/CMakeFiles/CMakeTmp/CheckSymbolExists.c
Linking C executable cmTC_cfc44
/usr/bin/cmake -E cmake_link_script CMakeFiles/cmTC_cfc44.dir/link.txt --verbose=1
/usr/bin/cc   -D_GNU_SOURCE=1    CMakeFiles/cmTC_cfc44.dir/CheckSymbolExists.c.o  -o cmTC_cfc44  -lm 
make[1]: Leaving directory '/workspaces/CHIP-8-Emulator/src/SDL3-3.2.16/build/CMakeFiles/CMakeTmp'


File /workspaces/CHIP-8-Emulator/src/SDL3-3.2.16/build/CMakeFiles/CMakeTmp/CheckSymbolExists.c:
/* */
#include <float.h>
#include <iconv.h>
#include <inttypes.h>
#include <limits.h>
#include <malloc.h>
#include <math.h>
#include <memory.h>
#include <signal.h>
#include <stdarg.h>
#include <stdbool.h>
#include <stddef.h>
#include <stdint.h>
#include <stdio.h>
#include <stdlib.h>
#include <string.h>
#include <strings.h>
#include <sys/types.h>
#include <time.h>
#include <wchar.h>

int main(int argc, char** argv)
{
  (void)argv;
#ifndef memcmp
  return ((int*)(&memcmp))[argc];
#else
  (void)argc;
  return 0;
#endif
}
Determining if the memcpy exist passed with the following output:
Change Dir: /workspaces/CHIP-8-Emulator/src/SDL3-3.2.16/build/CMakeFiles/CMakeTmp

Run Build Command(s):/usr/bin/make cmTC_2a132/fast && /usr/bin/make -f CMakeFiles/cmTC_2a132.dir/build.make CMakeFiles/cmTC_2a132.dir/build
make[1]: Entering directory '/workspaces/CHIP-8-Emulator/src/SDL3-3.2.16/build/CMakeFiles/CMakeTmp'
Building C object CMakeFiles/cmTC_2a132.dir/CheckSymbolExists.c.o
/usr/bin/cc   -D_GNU_SOURCE=1   -o CMakeFiles/cmTC_2a132.dir/CheckSymbolExists.c.o   -c /workspaces/CHIP-8-Emulator/src/SDL3-3.2.16/build/CMakeFiles/CMakeTmp/CheckSymbolExists.c
Linking C executable cmTC_2a132
/usr/bin/cmake -E cmake_link_script CMakeFiles/cmTC_2a132.dir/link.txt --verbose=1
/usr/bin/cc   -D_GNU_SOURCE=1    CMakeFiles/cmTC_2a132.dir/CheckSymbolExists.c.o  -o cmTC_2a132  -lm 
make[1]: Leaving directory '/workspaces/CHIP-8-Emulator/src/SDL3-3.2.16/build/CMakeFiles/CMakeTmp'


File /workspaces/CHIP-8-Emulator/src/SDL3-3.2.16/build/CMakeFiles/CMakeTmp/CheckSymbolExists.c:
/* */
#include <float.h>
#include <iconv.h>
#include <inttypes.h>
#include <limits.h>
#include <malloc.h>
#include <math.h>
#include <memory.h>
#include <signal.h>
#include <stdarg.h>
#include <stdbool.h>
#include <stddef.h>
#include <stdint.h>
#include <stdio.h>
#include <stdlib.h>
#include <string.h>
#include <strings.h>
#include <sys/types.h>
#include <time.h>
#include <wchar.h>

int main(int argc, char** argv)
{
  (void)argv;
#ifndef memcpy
  return ((int*)(&memcpy))[argc];
#else
  (void)argc;
  return 0;
#endif
}
Determining if the memmove exist passed with the following output:
Change Dir: /workspaces/CHIP-8-Emulator/src/SDL3-3.2.16/build/CMakeFiles/CMakeTmp

Run Build Command(s):/usr/bin/make cmTC_196c3/fast && /usr/bin/make -f CMakeFiles/cmTC_196c3.dir/build.make CMakeFiles/cmTC_196c3.dir/build
make[1]: Entering directory '/workspaces/CHIP-8-Emulator/src/SDL3-3.2.16/build/CMakeFiles/CMakeTmp'
Building C object CMakeFiles/cmTC_196c3.dir/CheckSymbolExists.c.o
/usr/bin/cc   -D_GNU_SOURCE=1   -o CMakeFiles/cmTC_196c3.dir/CheckSymbolExists.c.o   -c /workspaces/CHIP-8-Emulator/src/SDL3-3.2.16/build/CMakeFiles/CMakeTmp/CheckSymbolExists.c
Linking C executable cmTC_196c3
/usr/bin/cmake -E cmake_link_script CMakeFiles/cmTC_196c3.dir/link.txt --verbose=1
/usr/bin/cc   -D_GNU_SOURCE=1    CMakeFiles/cmTC_196c3.dir/CheckSymbolExists.c.o  -o cmTC_196c3  -lm 
make[1]: Leaving directory '/workspaces/CHIP-8-Emulator/src/SDL3-3.2.16/build/CMakeFiles/CMakeTmp'


File /workspaces/CHIP-8-Emulator/src/SDL3-3.2.16/build/CMakeFiles/CMakeTmp/CheckSymbolExists.c:
/* */
#include <float.h>
#include <iconv.h>
#include <inttypes.h>
#include <limits.h>
#include <malloc.h>
#include <math.h>
#include <memory.h>
#include <signal.h>
#include <stdarg.h>
#include <stdbool.h>
#include <stddef.h>
#include <stdint.h>
#include <stdio.h>
#include <stdlib.h>
#include <string.h>
#include <strings.h>
#include <sys/types.h>
#include <time.h>
#include <wchar.h>

int main(int argc, char** argv)
{
  (void)argv;
#ifndef memmove
  return ((int*)(&memmove))[argc];
#else
  (void)argc;
  return 0;
#endif
}
Determining if the memset exist passed with the following output:
Change Dir: /workspaces/CHIP-8-Emulator/src/SDL3-3.2.16/build/CMakeFiles/CMakeTmp

Run Build Command(s):/usr/bin/make cmTC_d9f75/fast && /usr/bin/make -f CMakeFiles/cmTC_d9f75.dir/build.make CMakeFiles/cmTC_d9f75.dir/build
make[1]: Entering directory '/workspaces/CHIP-8-Emulator/src/SDL3-3.2.16/build/CMakeFiles/CMakeTmp'
Building C object CMakeFiles/cmTC_d9f75.dir/CheckSymbolExists.c.o
/usr/bin/cc   -D_GNU_SOURCE=1   -o CMakeFiles/cmTC_d9f75.dir/CheckSymbolExists.c.o   -c /workspaces/CHIP-8-Emulator/src/SDL3-3.2.16/build/CMakeFiles/CMakeTmp/CheckSymbolExists.c
Linking C executable cmTC_d9f75
/usr/bin/cmake -E cmake_link_script CMakeFiles/cmTC_d9f75.dir/link.txt --verbose=1
/usr/bin/cc   -D_GNU_SOURCE=1    CMakeFiles/cmTC_d9f75.dir/CheckSymbolExists.c.o  -o cmTC_d9f75  -lm 
make[1]: Leaving directory '/workspaces/CHIP-8-Emulator/src/SDL3-3.2.16/build/CMakeFiles/CMakeTmp'


File /workspaces/CHIP-8-Emulator/src/SDL3-3.2.16/build/CMakeFiles/CMakeTmp/CheckSymbolExists.c:
/* */
#include <float.h>
#include <iconv.h>
#include <inttypes.h>
#include <limits.h>
#include <malloc.h>
#include <math.h>
#include <memory.h>
#include <signal.h>
#include <stdarg.h>
#include <stdbool.h>
#include <stddef.h>
#include <stdint.h>
#include <stdio.h>
#include <stdlib.h>
#include <string.h>
#include <strings.h>
#include <sys/types.h>
#include <time.h>
#include <wchar.h>

int main(int argc, char** argv)
{
  (void)argv;
#ifndef memset
  return ((int*)(&memset))[argc];
#else
  (void)argc;
  return 0;
#endif
}
Determining if the modf exist passed with the following output:
Change Dir: /workspaces/CHIP-8-Emulator/src/SDL3-3.2.16/build/CMakeFiles/CMakeTmp

Run Build Command(s):/usr/bin/make cmTC_a6d9b/fast && /usr/bin/make -f CMakeFiles/cmTC_a6d9b.dir/build.make CMakeFiles/cmTC_a6d9b.dir/build
make[1]: Entering directory '/workspaces/CHIP-8-Emulator/src/SDL3-3.2.16/build/CMakeFiles/CMakeTmp'
Building C object CMakeFiles/cmTC_a6d9b.dir/CheckSymbolExists.c.o
/usr/bin/cc   -D_GNU_SOURCE=1   -o CMakeFiles/cmTC_a6d9b.dir/CheckSymbolExists.c.o   -c /workspaces/CHIP-8-Emulator/src/SDL3-3.2.16/build/CMakeFiles/CMakeTmp/CheckSymbolExists.c
Linking C executable cmTC_a6d9b
/usr/bin/cmake -E cmake_link_script CMakeFiles/cmTC_a6d9b.dir/link.txt --verbose=1
/usr/bin/cc   -D_GNU_SOURCE=1    CMakeFiles/cmTC_a6d9b.dir/CheckSymbolExists.c.o  -o cmTC_a6d9b  -lm 
make[1]: Leaving directory '/workspaces/CHIP-8-Emulator/src/SDL3-3.2.16/build/CMakeFiles/CMakeTmp'


File /workspaces/CHIP-8-Emulator/src/SDL3-3.2.16/build/CMakeFiles/CMakeTmp/CheckSymbolExists.c:
/* */
#include <float.h>
#include <iconv.h>
#include <inttypes.h>
#include <limits.h>
#include <malloc.h>
#include <math.h>
#include <memory.h>
#include <signal.h>
#include <stdarg.h>
#include <stdbool.h>
#include <stddef.h>
#include <stdint.h>
#include <stdio.h>
#include <stdlib.h>
#include <string.h>
#include <strings.h>
#include <sys/types.h>
#include <time.h>
#include <wchar.h>

int main(int argc, char** argv)
{
  (void)argv;
#ifndef modf
  return ((int*)(&modf))[argc];
#else
  (void)argc;
  return 0;
#endif
}
Determining if the modff exist passed with the following output:
Change Dir: /workspaces/CHIP-8-Emulator/src/SDL3-3.2.16/build/CMakeFiles/CMakeTmp

Run Build Command(s):/usr/bin/make cmTC_c1d38/fast && /usr/bin/make -f CMakeFiles/cmTC_c1d38.dir/build.make CMakeFiles/cmTC_c1d38.dir/build
make[1]: Entering directory '/workspaces/CHIP-8-Emulator/src/SDL3-3.2.16/build/CMakeFiles/CMakeTmp'
Building C object CMakeFiles/cmTC_c1d38.dir/CheckSymbolExists.c.o
/usr/bin/cc   -D_GNU_SOURCE=1   -o CMakeFiles/cmTC_c1d38.dir/CheckSymbolExists.c.o   -c /workspaces/CHIP-8-Emulator/src/SDL3-3.2.16/build/CMakeFiles/CMakeTmp/CheckSymbolExists.c
Linking C executable cmTC_c1d38
/usr/bin/cmake -E cmake_link_script CMakeFiles/cmTC_c1d38.dir/link.txt --verbose=1
/usr/bin/cc   -D_GNU_SOURCE=1    CMakeFiles/cmTC_c1d38.dir/CheckSymbolExists.c.o  -o cmTC_c1d38  -lm 
make[1]: Leaving directory '/workspaces/CHIP-8-Emulator/src/SDL3-3.2.16/build/CMakeFiles/CMakeTmp'


File /workspaces/CHIP-8-Emulator/src/SDL3-3.2.16/build/CMakeFiles/CMakeTmp/CheckSymbolExists.c:
/* */
#include <float.h>
#include <iconv.h>
#include <inttypes.h>
#include <limits.h>
#include <malloc.h>
#include <math.h>
#include <memory.h>
#include <signal.h>
#include <stdarg.h>
#include <stdbool.h>
#include <stddef.h>
#include <stdint.h>
#include <stdio.h>
#include <stdlib.h>
#include <string.h>
#include <strings.h>
#include <sys/types.h>
#include <time.h>
#include <wchar.h>

int main(int argc, char** argv)
{
  (void)argv;
#ifndef modff
  return ((int*)(&modff))[argc];
#else
  (void)argc;
  return 0;
#endif
}
Determining if the pow exist passed with the following output:
Change Dir: /workspaces/CHIP-8-Emulator/src/SDL3-3.2.16/build/CMakeFiles/CMakeTmp

Run Build Command(s):/usr/bin/make cmTC_28d22/fast && /usr/bin/make -f CMakeFiles/cmTC_28d22.dir/build.make CMakeFiles/cmTC_28d22.dir/build
make[1]: Entering directory '/workspaces/CHIP-8-Emulator/src/SDL3-3.2.16/build/CMakeFiles/CMakeTmp'
Building C object CMakeFiles/cmTC_28d22.dir/CheckSymbolExists.c.o
/usr/bin/cc   -D_GNU_SOURCE=1   -o CMakeFiles/cmTC_28d22.dir/CheckSymbolExists.c.o   -c /workspaces/CHIP-8-Emulator/src/SDL3-3.2.16/build/CMakeFiles/CMakeTmp/CheckSymbolExists.c
Linking C executable cmTC_28d22
/usr/bin/cmake -E cmake_link_script CMakeFiles/cmTC_28d22.dir/link.txt --verbose=1
/usr/bin/cc   -D_GNU_SOURCE=1    CMakeFiles/cmTC_28d22.dir/CheckSymbolExists.c.o  -o cmTC_28d22  -lm 
make[1]: Leaving directory '/workspaces/CHIP-8-Emulator/src/SDL3-3.2.16/build/CMakeFiles/CMakeTmp'


File /workspaces/CHIP-8-Emulator/src/SDL3-3.2.16/build/CMakeFiles/CMakeTmp/CheckSymbolExists.c:
/* */
#include <float.h>
#include <iconv.h>
#include <inttypes.h>
#include <limits.h>
#include <malloc.h>
#include <math.h>
#include <memory.h>
#include <signal.h>
#include <stdarg.h>
#include <stdbool.h>
#include <stddef.h>
#include <stdint.h>
#include <stdio.h>
#include <stdlib.h>
#include <string.h>
#include <strings.h>
#include <sys/types.h>
#include <time.h>
#include <wchar.h>

int main(int argc, char** argv)
{
  (void)argv;
#ifndef pow
  return ((int*)(&pow))[argc];
#else
  (void)argc;
  return 0;
#endif
}
Determining if the powf exist passed with the following output:
Change Dir: /workspaces/CHIP-8-Emulator/src/SDL3-3.2.16/build/CMakeFiles/CMakeTmp

Run Build Command(s):/usr/bin/make cmTC_f2548/fast && /usr/bin/make -f CMakeFiles/cmTC_f2548.dir/build.make CMakeFiles/cmTC_f2548.dir/build
make[1]: Entering directory '/workspaces/CHIP-8-Emulator/src/SDL3-3.2.16/build/CMakeFiles/CMakeTmp'
Building C object CMakeFiles/cmTC_f2548.dir/CheckSymbolExists.c.o
/usr/bin/cc   -D_GNU_SOURCE=1   -o CMakeFiles/cmTC_f2548.dir/CheckSymbolExists.c.o   -c /workspaces/CHIP-8-Emulator/src/SDL3-3.2.16/build/CMakeFiles/CMakeTmp/CheckSymbolExists.c
Linking C executable cmTC_f2548
/usr/bin/cmake -E cmake_link_script CMakeFiles/cmTC_f2548.dir/link.txt --verbose=1
/usr/bin/cc   -D_GNU_SOURCE=1    CMakeFiles/cmTC_f2548.dir/CheckSymbolExists.c.o  -o cmTC_f2548  -lm 
make[1]: Leaving directory '/workspaces/CHIP-8-Emulator/src/SDL3-3.2.16/build/CMakeFiles/CMakeTmp'


File /workspaces/CHIP-8-Emulator/src/SDL3-3.2.16/build/CMakeFiles/CMakeTmp/CheckSymbolExists.c:
/* */
#include <float.h>
#include <iconv.h>
#include <inttypes.h>
#include <limits.h>
#include <malloc.h>
#include <math.h>
#include <memory.h>
#include <signal.h>
#include <stdarg.h>
#include <stdbool.h>
#include <stddef.h>
#include <stdint.h>
#include <stdio.h>
#include <stdlib.h>
#include <string.h>
#include <strings.h>
#include <sys/types.h>
#include <time.h>
#include <wchar.h>

int main(int argc, char** argv)
{
  (void)argv;
#ifndef powf
  return ((int*)(&powf))[argc];
#else
  (void)argc;
  return 0;
#endif
}
Determining if the putenv exist passed with the following output:
Change Dir: /workspaces/CHIP-8-Emulator/src/SDL3-3.2.16/build/CMakeFiles/CMakeTmp

Run Build Command(s):/usr/bin/make cmTC_f567e/fast && /usr/bin/make -f CMakeFiles/cmTC_f567e.dir/build.make CMakeFiles/cmTC_f567e.dir/build
make[1]: Entering directory '/workspaces/CHIP-8-Emulator/src/SDL3-3.2.16/build/CMakeFiles/CMakeTmp'
Building C object CMakeFiles/cmTC_f567e.dir/CheckSymbolExists.c.o
/usr/bin/cc   -D_GNU_SOURCE=1   -o CMakeFiles/cmTC_f567e.dir/CheckSymbolExists.c.o   -c /workspaces/CHIP-8-Emulator/src/SDL3-3.2.16/build/CMakeFiles/CMakeTmp/CheckSymbolExists.c
Linking C executable cmTC_f567e
/usr/bin/cmake -E cmake_link_script CMakeFiles/cmTC_f567e.dir/link.txt --verbose=1
/usr/bin/cc   -D_GNU_SOURCE=1    CMakeFiles/cmTC_f567e.dir/CheckSymbolExists.c.o  -o cmTC_f567e  -lm 
make[1]: Leaving directory '/workspaces/CHIP-8-Emulator/src/SDL3-3.2.16/build/CMakeFiles/CMakeTmp'


File /workspaces/CHIP-8-Emulator/src/SDL3-3.2.16/build/CMakeFiles/CMakeTmp/CheckSymbolExists.c:
/* */
#include <float.h>
#include <iconv.h>
#include <inttypes.h>
#include <limits.h>
#include <malloc.h>
#include <math.h>
#include <memory.h>
#include <signal.h>
#include <stdarg.h>
#include <stdbool.h>
#include <stddef.h>
#include <stdint.h>
#include <stdio.h>
#include <stdlib.h>
#include <string.h>
#include <strings.h>
#include <sys/types.h>
#include <time.h>
#include <wchar.h>

int main(int argc, char** argv)
{
  (void)argv;
#ifndef putenv
  return ((int*)(&putenv))[argc];
#else
  (void)argc;
  return 0;
#endif
}
Determining if the rindex exist passed with the following output:
Change Dir: /workspaces/CHIP-8-Emulator/src/SDL3-3.2.16/build/CMakeFiles/CMakeTmp

Run Build Command(s):/usr/bin/make cmTC_9041d/fast && /usr/bin/make -f CMakeFiles/cmTC_9041d.dir/build.make CMakeFiles/cmTC_9041d.dir/build
make[1]: Entering directory '/workspaces/CHIP-8-Emulator/src/SDL3-3.2.16/build/CMakeFiles/CMakeTmp'
Building C object CMakeFiles/cmTC_9041d.dir/CheckSymbolExists.c.o
/usr/bin/cc   -D_GNU_SOURCE=1   -o CMakeFiles/cmTC_9041d.dir/CheckSymbolExists.c.o   -c /workspaces/CHIP-8-Emulator/src/SDL3-3.2.16/build/CMakeFiles/CMakeTmp/CheckSymbolExists.c
Linking C executable cmTC_9041d
/usr/bin/cmake -E cmake_link_script CMakeFiles/cmTC_9041d.dir/link.txt --verbose=1
/usr/bin/cc   -D_GNU_SOURCE=1    CMakeFiles/cmTC_9041d.dir/CheckSymbolExists.c.o  -o cmTC_9041d  -lm 
make[1]: Leaving directory '/workspaces/CHIP-8-Emulator/src/SDL3-3.2.16/build/CMakeFiles/CMakeTmp'


File /workspaces/CHIP-8-Emulator/src/SDL3-3.2.16/build/CMakeFiles/CMakeTmp/CheckSymbolExists.c:
/* */
#include <float.h>
#include <iconv.h>
#include <inttypes.h>
#include <limits.h>
#include <malloc.h>
#include <math.h>
#include <memory.h>
#include <signal.h>
#include <stdarg.h>
#include <stdbool.h>
#include <stddef.h>
#include <stdint.h>
#include <stdio.h>
#include <stdlib.h>
#include <string.h>
#include <strings.h>
#include <sys/types.h>
#include <time.h>
#include <wchar.h>

int main(int argc, char** argv)
{
  (void)argv;
#ifndef rindex
  return ((int*)(&rindex))[argc];
#else
  (void)argc;
  return 0;
#endif
}
Determining if the round exist passed with the following output:
Change Dir: /workspaces/CHIP-8-Emulator/src/SDL3-3.2.16/build/CMakeFiles/CMakeTmp

Run Build Command(s):/usr/bin/make cmTC_58553/fast && /usr/bin/make -f CMakeFiles/cmTC_58553.dir/build.make CMakeFiles/cmTC_58553.dir/build
make[1]: Entering directory '/workspaces/CHIP-8-Emulator/src/SDL3-3.2.16/build/CMakeFiles/CMakeTmp'
Building C object CMakeFiles/cmTC_58553.dir/CheckSymbolExists.c.o
/usr/bin/cc   -D_GNU_SOURCE=1   -o CMakeFiles/cmTC_58553.dir/CheckSymbolExists.c.o   -c /workspaces/CHIP-8-Emulator/src/SDL3-3.2.16/build/CMakeFiles/CMakeTmp/CheckSymbolExists.c
Linking C executable cmTC_58553
/usr/bin/cmake -E cmake_link_script CMakeFiles/cmTC_58553.dir/link.txt --verbose=1
/usr/bin/cc   -D_GNU_SOURCE=1    CMakeFiles/cmTC_58553.dir/CheckSymbolExists.c.o  -o cmTC_58553  -lm 
make[1]: Leaving directory '/workspaces/CHIP-8-Emulator/src/SDL3-3.2.16/build/CMakeFiles/CMakeTmp'


File /workspaces/CHIP-8-Emulator/src/SDL3-3.2.16/build/CMakeFiles/CMakeTmp/CheckSymbolExists.c:
/* */
#include <float.h>
#include <iconv.h>
#include <inttypes.h>
#include <limits.h>
#include <malloc.h>
#include <math.h>
#include <memory.h>
#include <signal.h>
#include <stdarg.h>
#include <stdbool.h>
#include <stddef.h>
#include <stdint.h>
#include <stdio.h>
#include <stdlib.h>
#include <string.h>
#include <strings.h>
#include <sys/types.h>
#include <time.h>
#include <wchar.h>

int main(int argc, char** argv)
{
  (void)argv;
#ifndef round
  return ((int*)(&round))[argc];
#else
  (void)argc;
  return 0;
#endif
}
Determining if the roundf exist passed with the following output:
Change Dir: /workspaces/CHIP-8-Emulator/src/SDL3-3.2.16/build/CMakeFiles/CMakeTmp

Run Build Command(s):/usr/bin/make cmTC_f966f/fast && /usr/bin/make -f CMakeFiles/cmTC_f966f.dir/build.make CMakeFiles/cmTC_f966f.dir/build
make[1]: Entering directory '/workspaces/CHIP-8-Emulator/src/SDL3-3.2.16/build/CMakeFiles/CMakeTmp'
Building C object CMakeFiles/cmTC_f966f.dir/CheckSymbolExists.c.o
/usr/bin/cc   -D_GNU_SOURCE=1   -o CMakeFiles/cmTC_f966f.dir/CheckSymbolExists.c.o   -c /workspaces/CHIP-8-Emulator/src/SDL3-3.2.16/build/CMakeFiles/CMakeTmp/CheckSymbolExists.c
Linking C executable cmTC_f966f
/usr/bin/cmake -E cmake_link_script CMakeFiles/cmTC_f966f.dir/link.txt --verbose=1
/usr/bin/cc   -D_GNU_SOURCE=1    CMakeFiles/cmTC_f966f.dir/CheckSymbolExists.c.o  -o cmTC_f966f  -lm 
make[1]: Leaving directory '/workspaces/CHIP-8-Emulator/src/SDL3-3.2.16/build/CMakeFiles/CMakeTmp'


File /workspaces/CHIP-8-Emulator/src/SDL3-3.2.16/build/CMakeFiles/CMakeTmp/CheckSymbolExists.c:
/* */
#include <float.h>
#include <iconv.h>
#include <inttypes.h>
#include <limits.h>
#include <malloc.h>
#include <math.h>
#include <memory.h>
#include <signal.h>
#include <stdarg.h>
#include <stdbool.h>
#include <stddef.h>
#include <stdint.h>
#include <stdio.h>
#include <stdlib.h>
#include <string.h>
#include <strings.h>
#include <sys/types.h>
#include <time.h>
#include <wchar.h>

int main(int argc, char** argv)
{
  (void)argv;
#ifndef roundf
  return ((int*)(&roundf))[argc];
#else
  (void)argc;
  return 0;
#endif
}
Determining if the scalbn exist passed with the following output:
Change Dir: /workspaces/CHIP-8-Emulator/src/SDL3-3.2.16/build/CMakeFiles/CMakeTmp

Run Build Command(s):/usr/bin/make cmTC_a6c3b/fast && /usr/bin/make -f CMakeFiles/cmTC_a6c3b.dir/build.make CMakeFiles/cmTC_a6c3b.dir/build
make[1]: Entering directory '/workspaces/CHIP-8-Emulator/src/SDL3-3.2.16/build/CMakeFiles/CMakeTmp'
Building C object CMakeFiles/cmTC_a6c3b.dir/CheckSymbolExists.c.o
/usr/bin/cc   -D_GNU_SOURCE=1   -o CMakeFiles/cmTC_a6c3b.dir/CheckSymbolExists.c.o   -c /workspaces/CHIP-8-Emulator/src/SDL3-3.2.16/build/CMakeFiles/CMakeTmp/CheckSymbolExists.c
Linking C executable cmTC_a6c3b
/usr/bin/cmake -E cmake_link_script CMakeFiles/cmTC_a6c3b.dir/link.txt --verbose=1
/usr/bin/cc   -D_GNU_SOURCE=1    CMakeFiles/cmTC_a6c3b.dir/CheckSymbolExists.c.o  -o cmTC_a6c3b  -lm 
make[1]: Leaving directory '/workspaces/CHIP-8-Emulator/src/SDL3-3.2.16/build/CMakeFiles/CMakeTmp'


File /workspaces/CHIP-8-Emulator/src/SDL3-3.2.16/build/CMakeFiles/CMakeTmp/CheckSymbolExists.c:
/* */
#include <float.h>
#include <iconv.h>
#include <inttypes.h>
#include <limits.h>
#include <malloc.h>
#include <math.h>
#include <memory.h>
#include <signal.h>
#include <stdarg.h>
#include <stdbool.h>
#include <stddef.h>
#include <stdint.h>
#include <stdio.h>
#include <stdlib.h>
#include <string.h>
#include <strings.h>
#include <sys/types.h>
#include <time.h>
#include <wchar.h>

int main(int argc, char** argv)
{
  (void)argv;
#ifndef scalbn
  return ((int*)(&scalbn))[argc];
#else
  (void)argc;
  return 0;
#endif
}
Determining if the scalbnf exist passed with the following output:
Change Dir: /workspaces/CHIP-8-Emulator/src/SDL3-3.2.16/build/CMakeFiles/CMakeTmp

Run Build Command(s):/usr/bin/make cmTC_25528/fast && /usr/bin/make -f CMakeFiles/cmTC_25528.dir/build.make CMakeFiles/cmTC_25528.dir/build
make[1]: Entering directory '/workspaces/CHIP-8-Emulator/src/SDL3-3.2.16/build/CMakeFiles/CMakeTmp'
Building C object CMakeFiles/cmTC_25528.dir/CheckSymbolExists.c.o
/usr/bin/cc   -D_GNU_SOURCE=1   -o CMakeFiles/cmTC_25528.dir/CheckSymbolExists.c.o   -c /workspaces/CHIP-8-Emulator/src/SDL3-3.2.16/build/CMakeFiles/CMakeTmp/CheckSymbolExists.c
Linking C executable cmTC_25528
/usr/bin/cmake -E cmake_link_script CMakeFiles/cmTC_25528.dir/link.txt --verbose=1
/usr/bin/cc   -D_GNU_SOURCE=1    CMakeFiles/cmTC_25528.dir/CheckSymbolExists.c.o  -o cmTC_25528  -lm 
make[1]: Leaving directory '/workspaces/CHIP-8-Emulator/src/SDL3-3.2.16/build/CMakeFiles/CMakeTmp'


File /workspaces/CHIP-8-Emulator/src/SDL3-3.2.16/build/CMakeFiles/CMakeTmp/CheckSymbolExists.c:
/* */
#include <float.h>
#include <iconv.h>
#include <inttypes.h>
#include <limits.h>
#include <malloc.h>
#include <math.h>
#include <memory.h>
#include <signal.h>
#include <stdarg.h>
#include <stdbool.h>
#include <stddef.h>
#include <stdint.h>
#include <stdio.h>
#include <stdlib.h>
#include <string.h>
#include <strings.h>
#include <sys/types.h>
#include <time.h>
#include <wchar.h>

int main(int argc, char** argv)
{
  (void)argv;
#ifndef scalbnf
  return ((int*)(&scalbnf))[argc];
#else
  (void)argc;
  return 0;
#endif
}
Determining if the setenv exist passed with the following output:
Change Dir: /workspaces/CHIP-8-Emulator/src/SDL3-3.2.16/build/CMakeFiles/CMakeTmp

Run Build Command(s):/usr/bin/make cmTC_c61cb/fast && /usr/bin/make -f CMakeFiles/cmTC_c61cb.dir/build.make CMakeFiles/cmTC_c61cb.dir/build
make[1]: Entering directory '/workspaces/CHIP-8-Emulator/src/SDL3-3.2.16/build/CMakeFiles/CMakeTmp'
Building C object CMakeFiles/cmTC_c61cb.dir/CheckSymbolExists.c.o
/usr/bin/cc   -D_GNU_SOURCE=1   -o CMakeFiles/cmTC_c61cb.dir/CheckSymbolExists.c.o   -c /workspaces/CHIP-8-Emulator/src/SDL3-3.2.16/build/CMakeFiles/CMakeTmp/CheckSymbolExists.c
Linking C executable cmTC_c61cb
/usr/bin/cmake -E cmake_link_script CMakeFiles/cmTC_c61cb.dir/link.txt --verbose=1
/usr/bin/cc   -D_GNU_SOURCE=1    CMakeFiles/cmTC_c61cb.dir/CheckSymbolExists.c.o  -o cmTC_c61cb  -lm 
make[1]: Leaving directory '/workspaces/CHIP-8-Emulator/src/SDL3-3.2.16/build/CMakeFiles/CMakeTmp'


File /workspaces/CHIP-8-Emulator/src/SDL3-3.2.16/build/CMakeFiles/CMakeTmp/CheckSymbolExists.c:
/* */
#include <float.h>
#include <iconv.h>
#include <inttypes.h>
#include <limits.h>
#include <malloc.h>
#include <math.h>
#include <memory.h>
#include <signal.h>
#include <stdarg.h>
#include <stdbool.h>
#include <stddef.h>
#include <stdint.h>
#include <stdio.h>
#include <stdlib.h>
#include <string.h>
#include <strings.h>
#include <sys/types.h>
#include <time.h>
#include <wchar.h>

int main(int argc, char** argv)
{
  (void)argv;
#ifndef setenv
  return ((int*)(&setenv))[argc];
#else
  (void)argc;
  return 0;
#endif
}
Determining if the sin exist passed with the following output:
Change Dir: /workspaces/CHIP-8-Emulator/src/SDL3-3.2.16/build/CMakeFiles/CMakeTmp

Run Build Command(s):/usr/bin/make cmTC_5a9dd/fast && /usr/bin/make -f CMakeFiles/cmTC_5a9dd.dir/build.make CMakeFiles/cmTC_5a9dd.dir/build
make[1]: Entering directory '/workspaces/CHIP-8-Emulator/src/SDL3-3.2.16/build/CMakeFiles/CMakeTmp'
Building C object CMakeFiles/cmTC_5a9dd.dir/CheckSymbolExists.c.o
/usr/bin/cc   -D_GNU_SOURCE=1   -o CMakeFiles/cmTC_5a9dd.dir/CheckSymbolExists.c.o   -c /workspaces/CHIP-8-Emulator/src/SDL3-3.2.16/build/CMakeFiles/CMakeTmp/CheckSymbolExists.c
Linking C executable cmTC_5a9dd
/usr/bin/cmake -E cmake_link_script CMakeFiles/cmTC_5a9dd.dir/link.txt --verbose=1
/usr/bin/cc   -D_GNU_SOURCE=1    CMakeFiles/cmTC_5a9dd.dir/CheckSymbolExists.c.o  -o cmTC_5a9dd  -lm 
make[1]: Leaving directory '/workspaces/CHIP-8-Emulator/src/SDL3-3.2.16/build/CMakeFiles/CMakeTmp'


File /workspaces/CHIP-8-Emulator/src/SDL3-3.2.16/build/CMakeFiles/CMakeTmp/CheckSymbolExists.c:
/* */
#include <float.h>
#include <iconv.h>
#include <inttypes.h>
#include <limits.h>
#include <malloc.h>
#include <math.h>
#include <memory.h>
#include <signal.h>
#include <stdarg.h>
#include <stdbool.h>
#include <stddef.h>
#include <stdint.h>
#include <stdio.h>
#include <stdlib.h>
#include <string.h>
#include <strings.h>
#include <sys/types.h>
#include <time.h>
#include <wchar.h>

int main(int argc, char** argv)
{
  (void)argv;
#ifndef sin
  return ((int*)(&sin))[argc];
#else
  (void)argc;
  return 0;
#endif
}
Determining if the sinf exist passed with the following output:
Change Dir: /workspaces/CHIP-8-Emulator/src/SDL3-3.2.16/build/CMakeFiles/CMakeTmp

Run Build Command(s):/usr/bin/make cmTC_734bf/fast && /usr/bin/make -f CMakeFiles/cmTC_734bf.dir/build.make CMakeFiles/cmTC_734bf.dir/build
make[1]: Entering directory '/workspaces/CHIP-8-Emulator/src/SDL3-3.2.16/build/CMakeFiles/CMakeTmp'
Building C object CMakeFiles/cmTC_734bf.dir/CheckSymbolExists.c.o
/usr/bin/cc   -D_GNU_SOURCE=1   -o CMakeFiles/cmTC_734bf.dir/CheckSymbolExists.c.o   -c /workspaces/CHIP-8-Emulator/src/SDL3-3.2.16/build/CMakeFiles/CMakeTmp/CheckSymbolExists.c
Linking C executable cmTC_734bf
/usr/bin/cmake -E cmake_link_script CMakeFiles/cmTC_734bf.dir/link.txt --verbose=1
/usr/bin/cc   -D_GNU_SOURCE=1    CMakeFiles/cmTC_734bf.dir/CheckSymbolExists.c.o  -o cmTC_734bf  -lm 
make[1]: Leaving directory '/workspaces/CHIP-8-Emulator/src/SDL3-3.2.16/build/CMakeFiles/CMakeTmp'


File /workspaces/CHIP-8-Emulator/src/SDL3-3.2.16/build/CMakeFiles/CMakeTmp/CheckSymbolExists.c:
/* */
#include <float.h>
#include <iconv.h>
#include <inttypes.h>
#include <limits.h>
#include <malloc.h>
#include <math.h>
#include <memory.h>
#include <signal.h>
#include <stdarg.h>
#include <stdbool.h>
#include <stddef.h>
#include <stdint.h>
#include <stdio.h>
#include <stdlib.h>
#include <string.h>
#include <strings.h>
#include <sys/types.h>
#include <time.h>
#include <wchar.h>

int main(int argc, char** argv)
{
  (void)argv;
#ifndef sinf
  return ((int*)(&sinf))[argc];
#else
  (void)argc;
  return 0;
#endif
}
Determining if the sqrt exist passed with the following output:
Change Dir: /workspaces/CHIP-8-Emulator/src/SDL3-3.2.16/build/CMakeFiles/CMakeTmp

Run Build Command(s):/usr/bin/make cmTC_f3d9e/fast && /usr/bin/make -f CMakeFiles/cmTC_f3d9e.dir/build.make CMakeFiles/cmTC_f3d9e.dir/build
make[1]: Entering directory '/workspaces/CHIP-8-Emulator/src/SDL3-3.2.16/build/CMakeFiles/CMakeTmp'
Building C object CMakeFiles/cmTC_f3d9e.dir/CheckSymbolExists.c.o
/usr/bin/cc   -D_GNU_SOURCE=1   -o CMakeFiles/cmTC_f3d9e.dir/CheckSymbolExists.c.o   -c /workspaces/CHIP-8-Emulator/src/SDL3-3.2.16/build/CMakeFiles/CMakeTmp/CheckSymbolExists.c
Linking C executable cmTC_f3d9e
/usr/bin/cmake -E cmake_link_script CMakeFiles/cmTC_f3d9e.dir/link.txt --verbose=1
/usr/bin/cc   -D_GNU_SOURCE=1    CMakeFiles/cmTC_f3d9e.dir/CheckSymbolExists.c.o  -o cmTC_f3d9e  -lm 
make[1]: Leaving directory '/workspaces/CHIP-8-Emulator/src/SDL3-3.2.16/build/CMakeFiles/CMakeTmp'


File /workspaces/CHIP-8-Emulator/src/SDL3-3.2.16/build/CMakeFiles/CMakeTmp/CheckSymbolExists.c:
/* */
#include <float.h>
#include <iconv.h>
#include <inttypes.h>
#include <limits.h>
#include <malloc.h>
#include <math.h>
#include <memory.h>
#include <signal.h>
#include <stdarg.h>
#include <stdbool.h>
#include <stddef.h>
#include <stdint.h>
#include <stdio.h>
#include <stdlib.h>
#include <string.h>
#include <strings.h>
#include <sys/types.h>
#include <time.h>
#include <wchar.h>

int main(int argc, char** argv)
{
  (void)argv;
#ifndef sqrt
  return ((int*)(&sqrt))[argc];
#else
  (void)argc;
  return 0;
#endif
}
Determining if the sqrtf exist passed with the following output:
Change Dir: /workspaces/CHIP-8-Emulator/src/SDL3-3.2.16/build/CMakeFiles/CMakeTmp

Run Build Command(s):/usr/bin/make cmTC_613a4/fast && /usr/bin/make -f CMakeFiles/cmTC_613a4.dir/build.make CMakeFiles/cmTC_613a4.dir/build
make[1]: Entering directory '/workspaces/CHIP-8-Emulator/src/SDL3-3.2.16/build/CMakeFiles/CMakeTmp'
Building C object CMakeFiles/cmTC_613a4.dir/CheckSymbolExists.c.o
/usr/bin/cc   -D_GNU_SOURCE=1   -o CMakeFiles/cmTC_613a4.dir/CheckSymbolExists.c.o   -c /workspaces/CHIP-8-Emulator/src/SDL3-3.2.16/build/CMakeFiles/CMakeTmp/CheckSymbolExists.c
Linking C executable cmTC_613a4
/usr/bin/cmake -E cmake_link_script CMakeFiles/cmTC_613a4.dir/link.txt --verbose=1
/usr/bin/cc   -D_GNU_SOURCE=1    CMakeFiles/cmTC_613a4.dir/CheckSymbolExists.c.o  -o cmTC_613a4  -lm 
make[1]: Leaving directory '/workspaces/CHIP-8-Emulator/src/SDL3-3.2.16/build/CMakeFiles/CMakeTmp'


File /workspaces/CHIP-8-Emulator/src/SDL3-3.2.16/build/CMakeFiles/CMakeTmp/CheckSymbolExists.c:
/* */
#include <float.h>
#include <iconv.h>
#include <inttypes.h>
#include <limits.h>
#include <malloc.h>
#include <math.h>
#include <memory.h>
#include <signal.h>
#include <stdarg.h>
#include <stdbool.h>
#include <stddef.h>
#include <stdint.h>
#include <stdio.h>
#include <stdlib.h>
#include <string.h>
#include <strings.h>
#include <sys/types.h>
#include <time.h>
#include <wchar.h>

int main(int argc, char** argv)
{
  (void)argv;
#ifndef sqrtf
  return ((int*)(&sqrtf))[argc];
#else
  (void)argc;
  return 0;
#endif
}
Determining if the sscanf exist passed with the following output:
Change Dir: /workspaces/CHIP-8-Emulator/src/SDL3-3.2.16/build/CMakeFiles/CMakeTmp

Run Build Command(s):/usr/bin/make cmTC_35c1c/fast && /usr/bin/make -f CMakeFiles/cmTC_35c1c.dir/build.make CMakeFiles/cmTC_35c1c.dir/build
make[1]: Entering directory '/workspaces/CHIP-8-Emulator/src/SDL3-3.2.16/build/CMakeFiles/CMakeTmp'
Building C object CMakeFiles/cmTC_35c1c.dir/CheckSymbolExists.c.o
/usr/bin/cc   -D_GNU_SOURCE=1   -o CMakeFiles/cmTC_35c1c.dir/CheckSymbolExists.c.o   -c /workspaces/CHIP-8-Emulator/src/SDL3-3.2.16/build/CMakeFiles/CMakeTmp/CheckSymbolExists.c
Linking C executable cmTC_35c1c
/usr/bin/cmake -E cmake_link_script CMakeFiles/cmTC_35c1c.dir/link.txt --verbose=1
/usr/bin/cc   -D_GNU_SOURCE=1    CMakeFiles/cmTC_35c1c.dir/CheckSymbolExists.c.o  -o cmTC_35c1c  -lm 
make[1]: Leaving directory '/workspaces/CHIP-8-Emulator/src/SDL3-3.2.16/build/CMakeFiles/CMakeTmp'


File /workspaces/CHIP-8-Emulator/src/SDL3-3.2.16/build/CMakeFiles/CMakeTmp/CheckSymbolExists.c:
/* */
#include <float.h>
#include <iconv.h>
#include <inttypes.h>
#include <limits.h>
#include <malloc.h>
#include <math.h>
#include <memory.h>
#include <signal.h>
#include <stdarg.h>
#include <stdbool.h>
#include <stddef.h>
#include <stdint.h>
#include <stdio.h>
#include <stdlib.h>
#include <string.h>
#include <strings.h>
#include <sys/types.h>
#include <time.h>
#include <wchar.h>

int main(int argc, char** argv)
{
  (void)argv;
#ifndef sscanf
  return ((int*)(&sscanf))[argc];
#else
  (void)argc;
  return 0;
#endif
}
Determining if the strchr exist passed with the following output:
Change Dir: /workspaces/CHIP-8-Emulator/src/SDL3-3.2.16/build/CMakeFiles/CMakeTmp

Run Build Command(s):/usr/bin/make cmTC_a6472/fast && /usr/bin/make -f CMakeFiles/cmTC_a6472.dir/build.make CMakeFiles/cmTC_a6472.dir/build
make[1]: Entering directory '/workspaces/CHIP-8-Emulator/src/SDL3-3.2.16/build/CMakeFiles/CMakeTmp'
Building C object CMakeFiles/cmTC_a6472.dir/CheckSymbolExists.c.o
/usr/bin/cc   -D_GNU_SOURCE=1   -o CMakeFiles/cmTC_a6472.dir/CheckSymbolExists.c.o   -c /workspaces/CHIP-8-Emulator/src/SDL3-3.2.16/build/CMakeFiles/CMakeTmp/CheckSymbolExists.c
Linking C executable cmTC_a6472
/usr/bin/cmake -E cmake_link_script CMakeFiles/cmTC_a6472.dir/link.txt --verbose=1
/usr/bin/cc   -D_GNU_SOURCE=1    CMakeFiles/cmTC_a6472.dir/CheckSymbolExists.c.o  -o cmTC_a6472  -lm 
make[1]: Leaving directory '/workspaces/CHIP-8-Emulator/src/SDL3-3.2.16/build/CMakeFiles/CMakeTmp'


File /workspaces/CHIP-8-Emulator/src/SDL3-3.2.16/build/CMakeFiles/CMakeTmp/CheckSymbolExists.c:
/* */
#include <float.h>
#include <iconv.h>
#include <inttypes.h>
#include <limits.h>
#include <malloc.h>
#include <math.h>
#include <memory.h>
#include <signal.h>
#include <stdarg.h>
#include <stdbool.h>
#include <stddef.h>
#include <stdint.h>
#include <stdio.h>
#include <stdlib.h>
#include <string.h>
#include <strings.h>
#include <sys/types.h>
#include <time.h>
#include <wchar.h>

int main(int argc, char** argv)
{
  (void)argv;
#ifndef strchr
  return ((int*)(&strchr))[argc];
#else
  (void)argc;
  return 0;
#endif
}
Determining if the strcmp exist passed with the following output:
Change Dir: /workspaces/CHIP-8-Emulator/src/SDL3-3.2.16/build/CMakeFiles/CMakeTmp

Run Build Command(s):/usr/bin/make cmTC_17ff6/fast && /usr/bin/make -f CMakeFiles/cmTC_17ff6.dir/build.make CMakeFiles/cmTC_17ff6.dir/build
make[1]: Entering directory '/workspaces/CHIP-8-Emulator/src/SDL3-3.2.16/build/CMakeFiles/CMakeTmp'
Building C object CMakeFiles/cmTC_17ff6.dir/CheckSymbolExists.c.o
/usr/bin/cc   -D_GNU_SOURCE=1   -o CMakeFiles/cmTC_17ff6.dir/CheckSymbolExists.c.o   -c /workspaces/CHIP-8-Emulator/src/SDL3-3.2.16/build/CMakeFiles/CMakeTmp/CheckSymbolExists.c
Linking C executable cmTC_17ff6
/usr/bin/cmake -E cmake_link_script CMakeFiles/cmTC_17ff6.dir/link.txt --verbose=1
/usr/bin/cc   -D_GNU_SOURCE=1    CMakeFiles/cmTC_17ff6.dir/CheckSymbolExists.c.o  -o cmTC_17ff6  -lm 
make[1]: Leaving directory '/workspaces/CHIP-8-Emulator/src/SDL3-3.2.16/build/CMakeFiles/CMakeTmp'


File /workspaces/CHIP-8-Emulator/src/SDL3-3.2.16/build/CMakeFiles/CMakeTmp/CheckSymbolExists.c:
/* */
#include <float.h>
#include <iconv.h>
#include <inttypes.h>
#include <limits.h>
#include <malloc.h>
#include <math.h>
#include <memory.h>
#include <signal.h>
#include <stdarg.h>
#include <stdbool.h>
#include <stddef.h>
#include <stdint.h>
#include <stdio.h>
#include <stdlib.h>
#include <string.h>
#include <strings.h>
#include <sys/types.h>
#include <time.h>
#include <wchar.h>

int main(int argc, char** argv)
{
  (void)argv;
#ifndef strcmp
  return ((int*)(&strcmp))[argc];
#else
  (void)argc;
  return 0;
#endif
}
Determining if the strlen exist passed with the following output:
Change Dir: /workspaces/CHIP-8-Emulator/src/SDL3-3.2.16/build/CMakeFiles/CMakeTmp

Run Build Command(s):/usr/bin/make cmTC_62210/fast && /usr/bin/make -f CMakeFiles/cmTC_62210.dir/build.make CMakeFiles/cmTC_62210.dir/build
make[1]: Entering directory '/workspaces/CHIP-8-Emulator/src/SDL3-3.2.16/build/CMakeFiles/CMakeTmp'
Building C object CMakeFiles/cmTC_62210.dir/CheckSymbolExists.c.o
/usr/bin/cc   -D_GNU_SOURCE=1   -o CMakeFiles/cmTC_62210.dir/CheckSymbolExists.c.o   -c /workspaces/CHIP-8-Emulator/src/SDL3-3.2.16/build/CMakeFiles/CMakeTmp/CheckSymbolExists.c
Linking C executable cmTC_62210
/usr/bin/cmake -E cmake_link_script CMakeFiles/cmTC_62210.dir/link.txt --verbose=1
/usr/bin/cc   -D_GNU_SOURCE=1    CMakeFiles/cmTC_62210.dir/CheckSymbolExists.c.o  -o cmTC_62210  -lm 
make[1]: Leaving directory '/workspaces/CHIP-8-Emulator/src/SDL3-3.2.16/build/CMakeFiles/CMakeTmp'


File /workspaces/CHIP-8-Emulator/src/SDL3-3.2.16/build/CMakeFiles/CMakeTmp/CheckSymbolExists.c:
/* */
#include <float.h>
#include <iconv.h>
#include <inttypes.h>
#include <limits.h>
#include <malloc.h>
#include <math.h>
#include <memory.h>
#include <signal.h>
#include <stdarg.h>
#include <stdbool.h>
#include <stddef.h>
#include <stdint.h>
#include <stdio.h>
#include <stdlib.h>
#include <string.h>
#include <strings.h>
#include <sys/types.h>
#include <time.h>
#include <wchar.h>

int main(int argc, char** argv)
{
  (void)argv;
#ifndef strlen
  return ((int*)(&strlen))[argc];
#else
  (void)argc;
  return 0;
#endif
}
Determining if the strncmp exist passed with the following output:
Change Dir: /workspaces/CHIP-8-Emulator/src/SDL3-3.2.16/build/CMakeFiles/CMakeTmp

Run Build Command(s):/usr/bin/make cmTC_1bb87/fast && /usr/bin/make -f CMakeFiles/cmTC_1bb87.dir/build.make CMakeFiles/cmTC_1bb87.dir/build
make[1]: Entering directory '/workspaces/CHIP-8-Emulator/src/SDL3-3.2.16/build/CMakeFiles/CMakeTmp'
Building C object CMakeFiles/cmTC_1bb87.dir/CheckSymbolExists.c.o
/usr/bin/cc   -D_GNU_SOURCE=1   -o CMakeFiles/cmTC_1bb87.dir/CheckSymbolExists.c.o   -c /workspaces/CHIP-8-Emulator/src/SDL3-3.2.16/build/CMakeFiles/CMakeTmp/CheckSymbolExists.c
Linking C executable cmTC_1bb87
/usr/bin/cmake -E cmake_link_script CMakeFiles/cmTC_1bb87.dir/link.txt --verbose=1
/usr/bin/cc   -D_GNU_SOURCE=1    CMakeFiles/cmTC_1bb87.dir/CheckSymbolExists.c.o  -o cmTC_1bb87  -lm 
make[1]: Leaving directory '/workspaces/CHIP-8-Emulator/src/SDL3-3.2.16/build/CMakeFiles/CMakeTmp'


File /workspaces/CHIP-8-Emulator/src/SDL3-3.2.16/build/CMakeFiles/CMakeTmp/CheckSymbolExists.c:
/* */
#include <float.h>
#include <iconv.h>
#include <inttypes.h>
#include <limits.h>
#include <malloc.h>
#include <math.h>
#include <memory.h>
#include <signal.h>
#include <stdarg.h>
#include <stdbool.h>
#include <stddef.h>
#include <stdint.h>
#include <stdio.h>
#include <stdlib.h>
#include <string.h>
#include <strings.h>
#include <sys/types.h>
#include <time.h>
#include <wchar.h>

int main(int argc, char** argv)
{
  (void)argv;
#ifndef strncmp
  return ((int*)(&strncmp))[argc];
#else
  (void)argc;
  return 0;
#endif
}
Determining if the strnlen exist passed with the following output:
Change Dir: /workspaces/CHIP-8-Emulator/src/SDL3-3.2.16/build/CMakeFiles/CMakeTmp

Run Build Command(s):/usr/bin/make cmTC_c99e2/fast && /usr/bin/make -f CMakeFiles/cmTC_c99e2.dir/build.make CMakeFiles/cmTC_c99e2.dir/build
make[1]: Entering directory '/workspaces/CHIP-8-Emulator/src/SDL3-3.2.16/build/CMakeFiles/CMakeTmp'
Building C object CMakeFiles/cmTC_c99e2.dir/CheckSymbolExists.c.o
/usr/bin/cc   -D_GNU_SOURCE=1   -o CMakeFiles/cmTC_c99e2.dir/CheckSymbolExists.c.o   -c /workspaces/CHIP-8-Emulator/src/SDL3-3.2.16/build/CMakeFiles/CMakeTmp/CheckSymbolExists.c
Linking C executable cmTC_c99e2
/usr/bin/cmake -E cmake_link_script CMakeFiles/cmTC_c99e2.dir/link.txt --verbose=1
/usr/bin/cc   -D_GNU_SOURCE=1    CMakeFiles/cmTC_c99e2.dir/CheckSymbolExists.c.o  -o cmTC_c99e2  -lm 
make[1]: Leaving directory '/workspaces/CHIP-8-Emulator/src/SDL3-3.2.16/build/CMakeFiles/CMakeTmp'


File /workspaces/CHIP-8-Emulator/src/SDL3-3.2.16/build/CMakeFiles/CMakeTmp/CheckSymbolExists.c:
/* */
#include <float.h>
#include <iconv.h>
#include <inttypes.h>
#include <limits.h>
#include <malloc.h>
#include <math.h>
#include <memory.h>
#include <signal.h>
#include <stdarg.h>
#include <stdbool.h>
#include <stddef.h>
#include <stdint.h>
#include <stdio.h>
#include <stdlib.h>
#include <string.h>
#include <strings.h>
#include <sys/types.h>
#include <time.h>
#include <wchar.h>

int main(int argc, char** argv)
{
  (void)argv;
#ifndef strnlen
  return ((int*)(&strnlen))[argc];
#else
  (void)argc;
  return 0;
#endif
}
Determining if the strpbrk exist passed with the following output:
Change Dir: /workspaces/CHIP-8-Emulator/src/SDL3-3.2.16/build/CMakeFiles/CMakeTmp

Run Build Command(s):/usr/bin/make cmTC_2dfb1/fast && /usr/bin/make -f CMakeFiles/cmTC_2dfb1.dir/build.make CMakeFiles/cmTC_2dfb1.dir/build
make[1]: Entering directory '/workspaces/CHIP-8-Emulator/src/SDL3-3.2.16/build/CMakeFiles/CMakeTmp'
Building C object CMakeFiles/cmTC_2dfb1.dir/CheckSymbolExists.c.o
/usr/bin/cc   -D_GNU_SOURCE=1   -o CMakeFiles/cmTC_2dfb1.dir/CheckSymbolExists.c.o   -c /workspaces/CHIP-8-Emulator/src/SDL3-3.2.16/build/CMakeFiles/CMakeTmp/CheckSymbolExists.c
Linking C executable cmTC_2dfb1
/usr/bin/cmake -E cmake_link_script CMakeFiles/cmTC_2dfb1.dir/link.txt --verbose=1
/usr/bin/cc   -D_GNU_SOURCE=1    CMakeFiles/cmTC_2dfb1.dir/CheckSymbolExists.c.o  -o cmTC_2dfb1  -lm 
make[1]: Leaving directory '/workspaces/CHIP-8-Emulator/src/SDL3-3.2.16/build/CMakeFiles/CMakeTmp'


File /workspaces/CHIP-8-Emulator/src/SDL3-3.2.16/build/CMakeFiles/CMakeTmp/CheckSymbolExists.c:
/* */
#include <float.h>
#include <iconv.h>
#include <inttypes.h>
#include <limits.h>
#include <malloc.h>
#include <math.h>
#include <memory.h>
#include <signal.h>
#include <stdarg.h>
#include <stdbool.h>
#include <stddef.h>
#include <stdint.h>
#include <stdio.h>
#include <stdlib.h>
#include <string.h>
#include <strings.h>
#include <sys/types.h>
#include <time.h>
#include <wchar.h>

int main(int argc, char** argv)
{
  (void)argv;
#ifndef strpbrk
  return ((int*)(&strpbrk))[argc];
#else
  (void)argc;
  return 0;
#endif
}
Determining if the strrchr exist passed with the following output:
Change Dir: /workspaces/CHIP-8-Emulator/src/SDL3-3.2.16/build/CMakeFiles/CMakeTmp

Run Build Command(s):/usr/bin/make cmTC_07440/fast && /usr/bin/make -f CMakeFiles/cmTC_07440.dir/build.make CMakeFiles/cmTC_07440.dir/build
make[1]: Entering directory '/workspaces/CHIP-8-Emulator/src/SDL3-3.2.16/build/CMakeFiles/CMakeTmp'
Building C object CMakeFiles/cmTC_07440.dir/CheckSymbolExists.c.o
/usr/bin/cc   -D_GNU_SOURCE=1   -o CMakeFiles/cmTC_07440.dir/CheckSymbolExists.c.o   -c /workspaces/CHIP-8-Emulator/src/SDL3-3.2.16/build/CMakeFiles/CMakeTmp/CheckSymbolExists.c
Linking C executable cmTC_07440
/usr/bin/cmake -E cmake_link_script CMakeFiles/cmTC_07440.dir/link.txt --verbose=1
/usr/bin/cc   -D_GNU_SOURCE=1    CMakeFiles/cmTC_07440.dir/CheckSymbolExists.c.o  -o cmTC_07440  -lm 
make[1]: Leaving directory '/workspaces/CHIP-8-Emulator/src/SDL3-3.2.16/build/CMakeFiles/CMakeTmp'


File /workspaces/CHIP-8-Emulator/src/SDL3-3.2.16/build/CMakeFiles/CMakeTmp/CheckSymbolExists.c:
/* */
#include <float.h>
#include <iconv.h>
#include <inttypes.h>
#include <limits.h>
#include <malloc.h>
#include <math.h>
#include <memory.h>
#include <signal.h>
#include <stdarg.h>
#include <stdbool.h>
#include <stddef.h>
#include <stdint.h>
#include <stdio.h>
#include <stdlib.h>
#include <string.h>
#include <strings.h>
#include <sys/types.h>
#include <time.h>
#include <wchar.h>

int main(int argc, char** argv)
{
  (void)argv;
#ifndef strrchr
  return ((int*)(&strrchr))[argc];
#else
  (void)argc;
  return 0;
#endif
}
Determining if the strstr exist passed with the following output:
Change Dir: /workspaces/CHIP-8-Emulator/src/SDL3-3.2.16/build/CMakeFiles/CMakeTmp

Run Build Command(s):/usr/bin/make cmTC_1fb19/fast && /usr/bin/make -f CMakeFiles/cmTC_1fb19.dir/build.make CMakeFiles/cmTC_1fb19.dir/build
make[1]: Entering directory '/workspaces/CHIP-8-Emulator/src/SDL3-3.2.16/build/CMakeFiles/CMakeTmp'
Building C object CMakeFiles/cmTC_1fb19.dir/CheckSymbolExists.c.o
/usr/bin/cc   -D_GNU_SOURCE=1   -o CMakeFiles/cmTC_1fb19.dir/CheckSymbolExists.c.o   -c /workspaces/CHIP-8-Emulator/src/SDL3-3.2.16/build/CMakeFiles/CMakeTmp/CheckSymbolExists.c
Linking C executable cmTC_1fb19
/usr/bin/cmake -E cmake_link_script CMakeFiles/cmTC_1fb19.dir/link.txt --verbose=1
/usr/bin/cc   -D_GNU_SOURCE=1    CMakeFiles/cmTC_1fb19.dir/CheckSymbolExists.c.o  -o cmTC_1fb19  -lm 
make[1]: Leaving directory '/workspaces/CHIP-8-Emulator/src/SDL3-3.2.16/build/CMakeFiles/CMakeTmp'


File /workspaces/CHIP-8-Emulator/src/SDL3-3.2.16/build/CMakeFiles/CMakeTmp/CheckSymbolExists.c:
/* */
#include <float.h>
#include <iconv.h>
#include <inttypes.h>
#include <limits.h>
#include <malloc.h>
#include <math.h>
#include <memory.h>
#include <signal.h>
#include <stdarg.h>
#include <stdbool.h>
#include <stddef.h>
#include <stdint.h>
#include <stdio.h>
#include <stdlib.h>
#include <string.h>
#include <strings.h>
#include <sys/types.h>
#include <time.h>
#include <wchar.h>

int main(int argc, char** argv)
{
  (void)argv;
#ifndef strstr
  return ((int*)(&strstr))[argc];
#else
  (void)argc;
  return 0;
#endif
}
Determining if the strtod exist passed with the following output:
Change Dir: /workspaces/CHIP-8-Emulator/src/SDL3-3.2.16/build/CMakeFiles/CMakeTmp

Run Build Command(s):/usr/bin/make cmTC_3f7f1/fast && /usr/bin/make -f CMakeFiles/cmTC_3f7f1.dir/build.make CMakeFiles/cmTC_3f7f1.dir/build
make[1]: Entering directory '/workspaces/CHIP-8-Emulator/src/SDL3-3.2.16/build/CMakeFiles/CMakeTmp'
Building C object CMakeFiles/cmTC_3f7f1.dir/CheckSymbolExists.c.o
/usr/bin/cc   -D_GNU_SOURCE=1   -o CMakeFiles/cmTC_3f7f1.dir/CheckSymbolExists.c.o   -c /workspaces/CHIP-8-Emulator/src/SDL3-3.2.16/build/CMakeFiles/CMakeTmp/CheckSymbolExists.c
Linking C executable cmTC_3f7f1
/usr/bin/cmake -E cmake_link_script CMakeFiles/cmTC_3f7f1.dir/link.txt --verbose=1
/usr/bin/cc   -D_GNU_SOURCE=1    CMakeFiles/cmTC_3f7f1.dir/CheckSymbolExists.c.o  -o cmTC_3f7f1  -lm 
make[1]: Leaving directory '/workspaces/CHIP-8-Emulator/src/SDL3-3.2.16/build/CMakeFiles/CMakeTmp'


File /workspaces/CHIP-8-Emulator/src/SDL3-3.2.16/build/CMakeFiles/CMakeTmp/CheckSymbolExists.c:
/* */
#include <float.h>
#include <iconv.h>
#include <inttypes.h>
#include <limits.h>
#include <malloc.h>
#include <math.h>
#include <memory.h>
#include <signal.h>
#include <stdarg.h>
#include <stdbool.h>
#include <stddef.h>
#include <stdint.h>
#include <stdio.h>
#include <stdlib.h>
#include <string.h>
#include <strings.h>
#include <sys/types.h>
#include <time.h>
#include <wchar.h>

int main(int argc, char** argv)
{
  (void)argv;
#ifndef strtod
  return ((int*)(&strtod))[argc];
#else
  (void)argc;
  return 0;
#endif
}
Determining if the strtok_r exist passed with the following output:
Change Dir: /workspaces/CHIP-8-Emulator/src/SDL3-3.2.16/build/CMakeFiles/CMakeTmp

Run Build Command(s):/usr/bin/make cmTC_9d606/fast && /usr/bin/make -f CMakeFiles/cmTC_9d606.dir/build.make CMakeFiles/cmTC_9d606.dir/build
make[1]: Entering directory '/workspaces/CHIP-8-Emulator/src/SDL3-3.2.16/build/CMakeFiles/CMakeTmp'
Building C object CMakeFiles/cmTC_9d606.dir/CheckSymbolExists.c.o
/usr/bin/cc   -D_GNU_SOURCE=1   -o CMakeFiles/cmTC_9d606.dir/CheckSymbolExists.c.o   -c /workspaces/CHIP-8-Emulator/src/SDL3-3.2.16/build/CMakeFiles/CMakeTmp/CheckSymbolExists.c
Linking C executable cmTC_9d606
/usr/bin/cmake -E cmake_link_script CMakeFiles/cmTC_9d606.dir/link.txt --verbose=1
/usr/bin/cc   -D_GNU_SOURCE=1    CMakeFiles/cmTC_9d606.dir/CheckSymbolExists.c.o  -o cmTC_9d606  -lm 
make[1]: Leaving directory '/workspaces/CHIP-8-Emulator/src/SDL3-3.2.16/build/CMakeFiles/CMakeTmp'


File /workspaces/CHIP-8-Emulator/src/SDL3-3.2.16/build/CMakeFiles/CMakeTmp/CheckSymbolExists.c:
/* */
#include <float.h>
#include <iconv.h>
#include <inttypes.h>
#include <limits.h>
#include <malloc.h>
#include <math.h>
#include <memory.h>
#include <signal.h>
#include <stdarg.h>
#include <stdbool.h>
#include <stddef.h>
#include <stdint.h>
#include <stdio.h>
#include <stdlib.h>
#include <string.h>
#include <strings.h>
#include <sys/types.h>
#include <time.h>
#include <wchar.h>

int main(int argc, char** argv)
{
  (void)argv;
#ifndef strtok_r
  return ((int*)(&strtok_r))[argc];
#else
  (void)argc;
  return 0;
#endif
}
Determining if the strtol exist passed with the following output:
Change Dir: /workspaces/CHIP-8-Emulator/src/SDL3-3.2.16/build/CMakeFiles/CMakeTmp

Run Build Command(s):/usr/bin/make cmTC_54b71/fast && /usr/bin/make -f CMakeFiles/cmTC_54b71.dir/build.make CMakeFiles/cmTC_54b71.dir/build
make[1]: Entering directory '/workspaces/CHIP-8-Emulator/src/SDL3-3.2.16/build/CMakeFiles/CMakeTmp'
Building C object CMakeFiles/cmTC_54b71.dir/CheckSymbolExists.c.o
/usr/bin/cc   -D_GNU_SOURCE=1   -o CMakeFiles/cmTC_54b71.dir/CheckSymbolExists.c.o   -c /workspaces/CHIP-8-Emulator/src/SDL3-3.2.16/build/CMakeFiles/CMakeTmp/CheckSymbolExists.c
Linking C executable cmTC_54b71
/usr/bin/cmake -E cmake_link_script CMakeFiles/cmTC_54b71.dir/link.txt --verbose=1
/usr/bin/cc   -D_GNU_SOURCE=1    CMakeFiles/cmTC_54b71.dir/CheckSymbolExists.c.o  -o cmTC_54b71  -lm 
make[1]: Leaving directory '/workspaces/CHIP-8-Emulator/src/SDL3-3.2.16/build/CMakeFiles/CMakeTmp'


File /workspaces/CHIP-8-Emulator/src/SDL3-3.2.16/build/CMakeFiles/CMakeTmp/CheckSymbolExists.c:
/* */
#include <float.h>
#include <iconv.h>
#include <inttypes.h>
#include <limits.h>
#include <malloc.h>
#include <math.h>
#include <memory.h>
#include <signal.h>
#include <stdarg.h>
#include <stdbool.h>
#include <stddef.h>
#include <stdint.h>
#include <stdio.h>
#include <stdlib.h>
#include <string.h>
#include <strings.h>
#include <sys/types.h>
#include <time.h>
#include <wchar.h>

int main(int argc, char** argv)
{
  (void)argv;
#ifndef strtol
  return ((int*)(&strtol))[argc];
#else
  (void)argc;
  return 0;
#endif
}
Determining if the strtoll exist passed with the following output:
Change Dir: /workspaces/CHIP-8-Emulator/src/SDL3-3.2.16/build/CMakeFiles/CMakeTmp

Run Build Command(s):/usr/bin/make cmTC_1332b/fast && /usr/bin/make -f CMakeFiles/cmTC_1332b.dir/build.make CMakeFiles/cmTC_1332b.dir/build
make[1]: Entering directory '/workspaces/CHIP-8-Emulator/src/SDL3-3.2.16/build/CMakeFiles/CMakeTmp'
Building C object CMakeFiles/cmTC_1332b.dir/CheckSymbolExists.c.o
/usr/bin/cc   -D_GNU_SOURCE=1   -o CMakeFiles/cmTC_1332b.dir/CheckSymbolExists.c.o   -c /workspaces/CHIP-8-Emulator/src/SDL3-3.2.16/build/CMakeFiles/CMakeTmp/CheckSymbolExists.c
Linking C executable cmTC_1332b
/usr/bin/cmake -E cmake_link_script CMakeFiles/cmTC_1332b.dir/link.txt --verbose=1
/usr/bin/cc   -D_GNU_SOURCE=1    CMakeFiles/cmTC_1332b.dir/CheckSymbolExists.c.o  -o cmTC_1332b  -lm 
make[1]: Leaving directory '/workspaces/CHIP-8-Emulator/src/SDL3-3.2.16/build/CMakeFiles/CMakeTmp'


File /workspaces/CHIP-8-Emulator/src/SDL3-3.2.16/build/CMakeFiles/CMakeTmp/CheckSymbolExists.c:
/* */
#include <float.h>
#include <iconv.h>
#include <inttypes.h>
#include <limits.h>
#include <malloc.h>
#include <math.h>
#include <memory.h>
#include <signal.h>
#include <stdarg.h>
#include <stdbool.h>
#include <stddef.h>
#include <stdint.h>
#include <stdio.h>
#include <stdlib.h>
#include <string.h>
#include <strings.h>
#include <sys/types.h>
#include <time.h>
#include <wchar.h>

int main(int argc, char** argv)
{
  (void)argv;
#ifndef strtoll
  return ((int*)(&strtoll))[argc];
#else
  (void)argc;
  return 0;
#endif
}
Determining if the strtoul exist passed with the following output:
Change Dir: /workspaces/CHIP-8-Emulator/src/SDL3-3.2.16/build/CMakeFiles/CMakeTmp

Run Build Command(s):/usr/bin/make cmTC_a76fe/fast && /usr/bin/make -f CMakeFiles/cmTC_a76fe.dir/build.make CMakeFiles/cmTC_a76fe.dir/build
make[1]: Entering directory '/workspaces/CHIP-8-Emulator/src/SDL3-3.2.16/build/CMakeFiles/CMakeTmp'
Building C object CMakeFiles/cmTC_a76fe.dir/CheckSymbolExists.c.o
/usr/bin/cc   -D_GNU_SOURCE=1   -o CMakeFiles/cmTC_a76fe.dir/CheckSymbolExists.c.o   -c /workspaces/CHIP-8-Emulator/src/SDL3-3.2.16/build/CMakeFiles/CMakeTmp/CheckSymbolExists.c
Linking C executable cmTC_a76fe
/usr/bin/cmake -E cmake_link_script CMakeFiles/cmTC_a76fe.dir/link.txt --verbose=1
/usr/bin/cc   -D_GNU_SOURCE=1    CMakeFiles/cmTC_a76fe.dir/CheckSymbolExists.c.o  -o cmTC_a76fe  -lm 
make[1]: Leaving directory '/workspaces/CHIP-8-Emulator/src/SDL3-3.2.16/build/CMakeFiles/CMakeTmp'


File /workspaces/CHIP-8-Emulator/src/SDL3-3.2.16/build/CMakeFiles/CMakeTmp/CheckSymbolExists.c:
/* */
#include <float.h>
#include <iconv.h>
#include <inttypes.h>
#include <limits.h>
#include <malloc.h>
#include <math.h>
#include <memory.h>
#include <signal.h>
#include <stdarg.h>
#include <stdbool.h>
#include <stddef.h>
#include <stdint.h>
#include <stdio.h>
#include <stdlib.h>
#include <string.h>
#include <strings.h>
#include <sys/types.h>
#include <time.h>
#include <wchar.h>

int main(int argc, char** argv)
{
  (void)argv;
#ifndef strtoul
  return ((int*)(&strtoul))[argc];
#else
  (void)argc;
  return 0;
#endif
}
Determining if the strtoull exist passed with the following output:
Change Dir: /workspaces/CHIP-8-Emulator/src/SDL3-3.2.16/build/CMakeFiles/CMakeTmp

Run Build Command(s):/usr/bin/make cmTC_140d0/fast && /usr/bin/make -f CMakeFiles/cmTC_140d0.dir/build.make CMakeFiles/cmTC_140d0.dir/build
make[1]: Entering directory '/workspaces/CHIP-8-Emulator/src/SDL3-3.2.16/build/CMakeFiles/CMakeTmp'
Building C object CMakeFiles/cmTC_140d0.dir/CheckSymbolExists.c.o
/usr/bin/cc   -D_GNU_SOURCE=1   -o CMakeFiles/cmTC_140d0.dir/CheckSymbolExists.c.o   -c /workspaces/CHIP-8-Emulator/src/SDL3-3.2.16/build/CMakeFiles/CMakeTmp/CheckSymbolExists.c
Linking C executable cmTC_140d0
/usr/bin/cmake -E cmake_link_script CMakeFiles/cmTC_140d0.dir/link.txt --verbose=1
/usr/bin/cc   -D_GNU_SOURCE=1    CMakeFiles/cmTC_140d0.dir/CheckSymbolExists.c.o  -o cmTC_140d0  -lm 
make[1]: Leaving directory '/workspaces/CHIP-8-Emulator/src/SDL3-3.2.16/build/CMakeFiles/CMakeTmp'


File /workspaces/CHIP-8-Emulator/src/SDL3-3.2.16/build/CMakeFiles/CMakeTmp/CheckSymbolExists.c:
/* */
#include <float.h>
#include <iconv.h>
#include <inttypes.h>
#include <limits.h>
#include <malloc.h>
#include <math.h>
#include <memory.h>
#include <signal.h>
#include <stdarg.h>
#include <stdbool.h>
#include <stddef.h>
#include <stdint.h>
#include <stdio.h>
#include <stdlib.h>
#include <string.h>
#include <strings.h>
#include <sys/types.h>
#include <time.h>
#include <wchar.h>

int main(int argc, char** argv)
{
  (void)argv;
#ifndef strtoull
  return ((int*)(&strtoull))[argc];
#else
  (void)argc;
  return 0;
#endif
}
Determining if the tan exist passed with the following output:
Change Dir: /workspaces/CHIP-8-Emulator/src/SDL3-3.2.16/build/CMakeFiles/CMakeTmp

Run Build Command(s):/usr/bin/make cmTC_95bb7/fast && /usr/bin/make -f CMakeFiles/cmTC_95bb7.dir/build.make CMakeFiles/cmTC_95bb7.dir/build
make[1]: Entering directory '/workspaces/CHIP-8-Emulator/src/SDL3-3.2.16/build/CMakeFiles/CMakeTmp'
Building C object CMakeFiles/cmTC_95bb7.dir/CheckSymbolExists.c.o
/usr/bin/cc   -D_GNU_SOURCE=1   -o CMakeFiles/cmTC_95bb7.dir/CheckSymbolExists.c.o   -c /workspaces/CHIP-8-Emulator/src/SDL3-3.2.16/build/CMakeFiles/CMakeTmp/CheckSymbolExists.c
Linking C executable cmTC_95bb7
/usr/bin/cmake -E cmake_link_script CMakeFiles/cmTC_95bb7.dir/link.txt --verbose=1
/usr/bin/cc   -D_GNU_SOURCE=1    CMakeFiles/cmTC_95bb7.dir/CheckSymbolExists.c.o  -o cmTC_95bb7  -lm 
make[1]: Leaving directory '/workspaces/CHIP-8-Emulator/src/SDL3-3.2.16/build/CMakeFiles/CMakeTmp'


File /workspaces/CHIP-8-Emulator/src/SDL3-3.2.16/build/CMakeFiles/CMakeTmp/CheckSymbolExists.c:
/* */
#include <float.h>
#include <iconv.h>
#include <inttypes.h>
#include <limits.h>
#include <malloc.h>
#include <math.h>
#include <memory.h>
#include <signal.h>
#include <stdarg.h>
#include <stdbool.h>
#include <stddef.h>
#include <stdint.h>
#include <stdio.h>
#include <stdlib.h>
#include <string.h>
#include <strings.h>
#include <sys/types.h>
#include <time.h>
#include <wchar.h>

int main(int argc, char** argv)
{
  (void)argv;
#ifndef tan
  return ((int*)(&tan))[argc];
#else
  (void)argc;
  return 0;
#endif
}
Determining if the tanf exist passed with the following output:
Change Dir: /workspaces/CHIP-8-Emulator/src/SDL3-3.2.16/build/CMakeFiles/CMakeTmp

Run Build Command(s):/usr/bin/make cmTC_f400c/fast && /usr/bin/make -f CMakeFiles/cmTC_f400c.dir/build.make CMakeFiles/cmTC_f400c.dir/build
make[1]: Entering directory '/workspaces/CHIP-8-Emulator/src/SDL3-3.2.16/build/CMakeFiles/CMakeTmp'
Building C object CMakeFiles/cmTC_f400c.dir/CheckSymbolExists.c.o
/usr/bin/cc   -D_GNU_SOURCE=1   -o CMakeFiles/cmTC_f400c.dir/CheckSymbolExists.c.o   -c /workspaces/CHIP-8-Emulator/src/SDL3-3.2.16/build/CMakeFiles/CMakeTmp/CheckSymbolExists.c
Linking C executable cmTC_f400c
/usr/bin/cmake -E cmake_link_script CMakeFiles/cmTC_f400c.dir/link.txt --verbose=1
/usr/bin/cc   -D_GNU_SOURCE=1    CMakeFiles/cmTC_f400c.dir/CheckSymbolExists.c.o  -o cmTC_f400c  -lm 
make[1]: Leaving directory '/workspaces/CHIP-8-Emulator/src/SDL3-3.2.16/build/CMakeFiles/CMakeTmp'


File /workspaces/CHIP-8-Emulator/src/SDL3-3.2.16/build/CMakeFiles/CMakeTmp/CheckSymbolExists.c:
/* */
#include <float.h>
#include <iconv.h>
#include <inttypes.h>
#include <limits.h>
#include <malloc.h>
#include <math.h>
#include <memory.h>
#include <signal.h>
#include <stdarg.h>
#include <stdbool.h>
#include <stddef.h>
#include <stdint.h>
#include <stdio.h>
#include <stdlib.h>
#include <string.h>
#include <strings.h>
#include <sys/types.h>
#include <time.h>
#include <wchar.h>

int main(int argc, char** argv)
{
  (void)argv;
#ifndef tanf
  return ((int*)(&tanf))[argc];
#else
  (void)argc;
  return 0;
#endif
}
Determining if the trunc exist passed with the following output:
Change Dir: /workspaces/CHIP-8-Emulator/src/SDL3-3.2.16/build/CMakeFiles/CMakeTmp

Run Build Command(s):/usr/bin/make cmTC_a74a8/fast && /usr/bin/make -f CMakeFiles/cmTC_a74a8.dir/build.make CMakeFiles/cmTC_a74a8.dir/build
make[1]: Entering directory '/workspaces/CHIP-8-Emulator/src/SDL3-3.2.16/build/CMakeFiles/CMakeTmp'
Building C object CMakeFiles/cmTC_a74a8.dir/CheckSymbolExists.c.o
/usr/bin/cc   -D_GNU_SOURCE=1   -o CMakeFiles/cmTC_a74a8.dir/CheckSymbolExists.c.o   -c /workspaces/CHIP-8-Emulator/src/SDL3-3.2.16/build/CMakeFiles/CMakeTmp/CheckSymbolExists.c
Linking C executable cmTC_a74a8
/usr/bin/cmake -E cmake_link_script CMakeFiles/cmTC_a74a8.dir/link.txt --verbose=1
/usr/bin/cc   -D_GNU_SOURCE=1    CMakeFiles/cmTC_a74a8.dir/CheckSymbolExists.c.o  -o cmTC_a74a8  -lm 
make[1]: Leaving directory '/workspaces/CHIP-8-Emulator/src/SDL3-3.2.16/build/CMakeFiles/CMakeTmp'


File /workspaces/CHIP-8-Emulator/src/SDL3-3.2.16/build/CMakeFiles/CMakeTmp/CheckSymbolExists.c:
/* */
#include <float.h>
#include <iconv.h>
#include <inttypes.h>
#include <limits.h>
#include <malloc.h>
#include <math.h>
#include <memory.h>
#include <signal.h>
#include <stdarg.h>
#include <stdbool.h>
#include <stddef.h>
#include <stdint.h>
#include <stdio.h>
#include <stdlib.h>
#include <string.h>
#include <strings.h>
#include <sys/types.h>
#include <time.h>
#include <wchar.h>

int main(int argc, char** argv)
{
  (void)argv;
#ifndef trunc
  return ((int*)(&trunc))[argc];
#else
  (void)argc;
  return 0;
#endif
}
Determining if the truncf exist passed with the following output:
Change Dir: /workspaces/CHIP-8-Emulator/src/SDL3-3.2.16/build/CMakeFiles/CMakeTmp

Run Build Command(s):/usr/bin/make cmTC_62f8f/fast && /usr/bin/make -f CMakeFiles/cmTC_62f8f.dir/build.make CMakeFiles/cmTC_62f8f.dir/build
make[1]: Entering directory '/workspaces/CHIP-8-Emulator/src/SDL3-3.2.16/build/CMakeFiles/CMakeTmp'
Building C object CMakeFiles/cmTC_62f8f.dir/CheckSymbolExists.c.o
/usr/bin/cc   -D_GNU_SOURCE=1   -o CMakeFiles/cmTC_62f8f.dir/CheckSymbolExists.c.o   -c /workspaces/CHIP-8-Emulator/src/SDL3-3.2.16/build/CMakeFiles/CMakeTmp/CheckSymbolExists.c
Linking C executable cmTC_62f8f
/usr/bin/cmake -E cmake_link_script CMakeFiles/cmTC_62f8f.dir/link.txt --verbose=1
/usr/bin/cc   -D_GNU_SOURCE=1    CMakeFiles/cmTC_62f8f.dir/CheckSymbolExists.c.o  -o cmTC_62f8f  -lm 
make[1]: Leaving directory '/workspaces/CHIP-8-Emulator/src/SDL3-3.2.16/build/CMakeFiles/CMakeTmp'


File /workspaces/CHIP-8-Emulator/src/SDL3-3.2.16/build/CMakeFiles/CMakeTmp/CheckSymbolExists.c:
/* */
#include <float.h>
#include <iconv.h>
#include <inttypes.h>
#include <limits.h>
#include <malloc.h>
#include <math.h>
#include <memory.h>
#include <signal.h>
#include <stdarg.h>
#include <stdbool.h>
#include <stddef.h>
#include <stdint.h>
#include <stdio.h>
#include <stdlib.h>
#include <string.h>
#include <strings.h>
#include <sys/types.h>
#include <time.h>
#include <wchar.h>

int main(int argc, char** argv)
{
  (void)argv;
#ifndef truncf
  return ((int*)(&truncf))[argc];
#else
  (void)argc;
  return 0;
#endif
}
Determining if the unsetenv exist passed with the following output:
Change Dir: /workspaces/CHIP-8-Emulator/src/SDL3-3.2.16/build/CMakeFiles/CMakeTmp

Run Build Command(s):/usr/bin/make cmTC_dd93c/fast && /usr/bin/make -f CMakeFiles/cmTC_dd93c.dir/build.make CMakeFiles/cmTC_dd93c.dir/build
make[1]: Entering directory '/workspaces/CHIP-8-Emulator/src/SDL3-3.2.16/build/CMakeFiles/CMakeTmp'
Building C object CMakeFiles/cmTC_dd93c.dir/CheckSymbolExists.c.o
/usr/bin/cc   -D_GNU_SOURCE=1   -o CMakeFiles/cmTC_dd93c.dir/CheckSymbolExists.c.o   -c /workspaces/CHIP-8-Emulator/src/SDL3-3.2.16/build/CMakeFiles/CMakeTmp/CheckSymbolExists.c
Linking C executable cmTC_dd93c
/usr/bin/cmake -E cmake_link_script CMakeFiles/cmTC_dd93c.dir/link.txt --verbose=1
/usr/bin/cc   -D_GNU_SOURCE=1    CMakeFiles/cmTC_dd93c.dir/CheckSymbolExists.c.o  -o cmTC_dd93c  -lm 
make[1]: Leaving directory '/workspaces/CHIP-8-Emulator/src/SDL3-3.2.16/build/CMakeFiles/CMakeTmp'


File /workspaces/CHIP-8-Emulator/src/SDL3-3.2.16/build/CMakeFiles/CMakeTmp/CheckSymbolExists.c:
/* */
#include <float.h>
#include <iconv.h>
#include <inttypes.h>
#include <limits.h>
#include <malloc.h>
#include <math.h>
#include <memory.h>
#include <signal.h>
#include <stdarg.h>
#include <stdbool.h>
#include <stddef.h>
#include <stdint.h>
#include <stdio.h>
#include <stdlib.h>
#include <string.h>
#include <strings.h>
#include <sys/types.h>
#include <time.h>
#include <wchar.h>

int main(int argc, char** argv)
{
  (void)argv;
#ifndef unsetenv
  return ((int*)(&unsetenv))[argc];
#else
  (void)argc;
  return 0;
#endif
}
Determining if the vsnprintf exist passed with the following output:
Change Dir: /workspaces/CHIP-8-Emulator/src/SDL3-3.2.16/build/CMakeFiles/CMakeTmp

Run Build Command(s):/usr/bin/make cmTC_048da/fast && /usr/bin/make -f CMakeFiles/cmTC_048da.dir/build.make CMakeFiles/cmTC_048da.dir/build
make[1]: Entering directory '/workspaces/CHIP-8-Emulator/src/SDL3-3.2.16/build/CMakeFiles/CMakeTmp'
Building C object CMakeFiles/cmTC_048da.dir/CheckSymbolExists.c.o
/usr/bin/cc   -D_GNU_SOURCE=1   -o CMakeFiles/cmTC_048da.dir/CheckSymbolExists.c.o   -c /workspaces/CHIP-8-Emulator/src/SDL3-3.2.16/build/CMakeFiles/CMakeTmp/CheckSymbolExists.c
Linking C executable cmTC_048da
/usr/bin/cmake -E cmake_link_script CMakeFiles/cmTC_048da.dir/link.txt --verbose=1
/usr/bin/cc   -D_GNU_SOURCE=1    CMakeFiles/cmTC_048da.dir/CheckSymbolExists.c.o  -o cmTC_048da  -lm 
make[1]: Leaving directory '/workspaces/CHIP-8-Emulator/src/SDL3-3.2.16/build/CMakeFiles/CMakeTmp'


File /workspaces/CHIP-8-Emulator/src/SDL3-3.2.16/build/CMakeFiles/CMakeTmp/CheckSymbolExists.c:
/* */
#include <float.h>
#include <iconv.h>
#include <inttypes.h>
#include <limits.h>
#include <malloc.h>
#include <math.h>
#include <memory.h>
#include <signal.h>
#include <stdarg.h>
#include <stdbool.h>
#include <stddef.h>
#include <stdint.h>
#include <stdio.h>
#include <stdlib.h>
#include <string.h>
#include <strings.h>
#include <sys/types.h>
#include <time.h>
#include <wchar.h>

int main(int argc, char** argv)
{
  (void)argv;
#ifndef vsnprintf
  return ((int*)(&vsnprintf))[argc];
#else
  (void)argc;
  return 0;
#endif
}
Determining if the vsscanf exist passed with the following output:
Change Dir: /workspaces/CHIP-8-Emulator/src/SDL3-3.2.16/build/CMakeFiles/CMakeTmp

Run Build Command(s):/usr/bin/make cmTC_a0520/fast && /usr/bin/make -f CMakeFiles/cmTC_a0520.dir/build.make CMakeFiles/cmTC_a0520.dir/build
make[1]: Entering directory '/workspaces/CHIP-8-Emulator/src/SDL3-3.2.16/build/CMakeFiles/CMakeTmp'
Building C object CMakeFiles/cmTC_a0520.dir/CheckSymbolExists.c.o
/usr/bin/cc   -D_GNU_SOURCE=1   -o CMakeFiles/cmTC_a0520.dir/CheckSymbolExists.c.o   -c /workspaces/CHIP-8-Emulator/src/SDL3-3.2.16/build/CMakeFiles/CMakeTmp/CheckSymbolExists.c
Linking C executable cmTC_a0520
/usr/bin/cmake -E cmake_link_script CMakeFiles/cmTC_a0520.dir/link.txt --verbose=1
/usr/bin/cc   -D_GNU_SOURCE=1    CMakeFiles/cmTC_a0520.dir/CheckSymbolExists.c.o  -o cmTC_a0520  -lm 
make[1]: Leaving directory '/workspaces/CHIP-8-Emulator/src/SDL3-3.2.16/build/CMakeFiles/CMakeTmp'


File /workspaces/CHIP-8-Emulator/src/SDL3-3.2.16/build/CMakeFiles/CMakeTmp/CheckSymbolExists.c:
/* */
#include <float.h>
#include <iconv.h>
#include <inttypes.h>
#include <limits.h>
#include <malloc.h>
#include <math.h>
#include <memory.h>
#include <signal.h>
#include <stdarg.h>
#include <stdbool.h>
#include <stddef.h>
#include <stdint.h>
#include <stdio.h>
#include <stdlib.h>
#include <string.h>
#include <strings.h>
#include <sys/types.h>
#include <time.h>
#include <wchar.h>

int main(int argc, char** argv)
{
  (void)argv;
#ifndef vsscanf
  return ((int*)(&vsscanf))[argc];
#else
  (void)argc;
  return 0;
#endif
}
Determining if the wcsnlen exist passed with the following output:
Change Dir: /workspaces/CHIP-8-Emulator/src/SDL3-3.2.16/build/CMakeFiles/CMakeTmp

Run Build Command(s):/usr/bin/make cmTC_21695/fast && /usr/bin/make -f CMakeFiles/cmTC_21695.dir/build.make CMakeFiles/cmTC_21695.dir/build
make[1]: Entering directory '/workspaces/CHIP-8-Emulator/src/SDL3-3.2.16/build/CMakeFiles/CMakeTmp'
Building C object CMakeFiles/cmTC_21695.dir/CheckSymbolExists.c.o
/usr/bin/cc   -D_GNU_SOURCE=1   -o CMakeFiles/cmTC_21695.dir/CheckSymbolExists.c.o   -c /workspaces/CHIP-8-Emulator/src/SDL3-3.2.16/build/CMakeFiles/CMakeTmp/CheckSymbolExists.c
Linking C executable cmTC_21695
/usr/bin/cmake -E cmake_link_script CMakeFiles/cmTC_21695.dir/link.txt --verbose=1
/usr/bin/cc   -D_GNU_SOURCE=1    CMakeFiles/cmTC_21695.dir/CheckSymbolExists.c.o  -o cmTC_21695  -lm 
make[1]: Leaving directory '/workspaces/CHIP-8-Emulator/src/SDL3-3.2.16/build/CMakeFiles/CMakeTmp'


File /workspaces/CHIP-8-Emulator/src/SDL3-3.2.16/build/CMakeFiles/CMakeTmp/CheckSymbolExists.c:
/* */
#include <float.h>
#include <iconv.h>
#include <inttypes.h>
#include <limits.h>
#include <malloc.h>
#include <math.h>
#include <memory.h>
#include <signal.h>
#include <stdarg.h>
#include <stdbool.h>
#include <stddef.h>
#include <stdint.h>
#include <stdio.h>
#include <stdlib.h>
#include <string.h>
#include <strings.h>
#include <sys/types.h>
#include <time.h>
#include <wchar.h>

int main(int argc, char** argv)
{
  (void)argv;
#ifndef wcsnlen
  return ((int*)(&wcsnlen))[argc];
#else
  (void)argc;
  return 0;
#endif
}
Determining if the wcscmp exist passed with the following output:
Change Dir: /workspaces/CHIP-8-Emulator/src/SDL3-3.2.16/build/CMakeFiles/CMakeTmp

Run Build Command(s):/usr/bin/make cmTC_ca5e6/fast && /usr/bin/make -f CMakeFiles/cmTC_ca5e6.dir/build.make CMakeFiles/cmTC_ca5e6.dir/build
make[1]: Entering directory '/workspaces/CHIP-8-Emulator/src/SDL3-3.2.16/build/CMakeFiles/CMakeTmp'
Building C object CMakeFiles/cmTC_ca5e6.dir/CheckSymbolExists.c.o
/usr/bin/cc   -D_GNU_SOURCE=1   -o CMakeFiles/cmTC_ca5e6.dir/CheckSymbolExists.c.o   -c /workspaces/CHIP-8-Emulator/src/SDL3-3.2.16/build/CMakeFiles/CMakeTmp/CheckSymbolExists.c
Linking C executable cmTC_ca5e6
/usr/bin/cmake -E cmake_link_script CMakeFiles/cmTC_ca5e6.dir/link.txt --verbose=1
/usr/bin/cc   -D_GNU_SOURCE=1    CMakeFiles/cmTC_ca5e6.dir/CheckSymbolExists.c.o  -o cmTC_ca5e6  -lm 
make[1]: Leaving directory '/workspaces/CHIP-8-Emulator/src/SDL3-3.2.16/build/CMakeFiles/CMakeTmp'


File /workspaces/CHIP-8-Emulator/src/SDL3-3.2.16/build/CMakeFiles/CMakeTmp/CheckSymbolExists.c:
/* */
#include <float.h>
#include <iconv.h>
#include <inttypes.h>
#include <limits.h>
#include <malloc.h>
#include <math.h>
#include <memory.h>
#include <signal.h>
#include <stdarg.h>
#include <stdbool.h>
#include <stddef.h>
#include <stdint.h>
#include <stdio.h>
#include <stdlib.h>
#include <string.h>
#include <strings.h>
#include <sys/types.h>
#include <time.h>
#include <wchar.h>

int main(int argc, char** argv)
{
  (void)argv;
#ifndef wcscmp
  return ((int*)(&wcscmp))[argc];
#else
  (void)argc;
  return 0;
#endif
}
Determining if the wcsdup exist passed with the following output:
Change Dir: /workspaces/CHIP-8-Emulator/src/SDL3-3.2.16/build/CMakeFiles/CMakeTmp

Run Build Command(s):/usr/bin/make cmTC_7a1b5/fast && /usr/bin/make -f CMakeFiles/cmTC_7a1b5.dir/build.make CMakeFiles/cmTC_7a1b5.dir/build
make[1]: Entering directory '/workspaces/CHIP-8-Emulator/src/SDL3-3.2.16/build/CMakeFiles/CMakeTmp'
Building C object CMakeFiles/cmTC_7a1b5.dir/CheckSymbolExists.c.o
/usr/bin/cc   -D_GNU_SOURCE=1   -o CMakeFiles/cmTC_7a1b5.dir/CheckSymbolExists.c.o   -c /workspaces/CHIP-8-Emulator/src/SDL3-3.2.16/build/CMakeFiles/CMakeTmp/CheckSymbolExists.c
Linking C executable cmTC_7a1b5
/usr/bin/cmake -E cmake_link_script CMakeFiles/cmTC_7a1b5.dir/link.txt --verbose=1
/usr/bin/cc   -D_GNU_SOURCE=1    CMakeFiles/cmTC_7a1b5.dir/CheckSymbolExists.c.o  -o cmTC_7a1b5  -lm 
make[1]: Leaving directory '/workspaces/CHIP-8-Emulator/src/SDL3-3.2.16/build/CMakeFiles/CMakeTmp'


File /workspaces/CHIP-8-Emulator/src/SDL3-3.2.16/build/CMakeFiles/CMakeTmp/CheckSymbolExists.c:
/* */
#include <float.h>
#include <iconv.h>
#include <inttypes.h>
#include <limits.h>
#include <malloc.h>
#include <math.h>
#include <memory.h>
#include <signal.h>
#include <stdarg.h>
#include <stdbool.h>
#include <stddef.h>
#include <stdint.h>
#include <stdio.h>
#include <stdlib.h>
#include <string.h>
#include <strings.h>
#include <sys/types.h>
#include <time.h>
#include <wchar.h>

int main(int argc, char** argv)
{
  (void)argv;
#ifndef wcsdup
  return ((int*)(&wcsdup))[argc];
#else
  (void)argc;
  return 0;
#endif
}
Determining if the wcslen exist passed with the following output:
Change Dir: /workspaces/CHIP-8-Emulator/src/SDL3-3.2.16/build/CMakeFiles/CMakeTmp

Run Build Command(s):/usr/bin/make cmTC_7ee40/fast && /usr/bin/make -f CMakeFiles/cmTC_7ee40.dir/build.make CMakeFiles/cmTC_7ee40.dir/build
make[1]: Entering directory '/workspaces/CHIP-8-Emulator/src/SDL3-3.2.16/build/CMakeFiles/CMakeTmp'
Building C object CMakeFiles/cmTC_7ee40.dir/CheckSymbolExists.c.o
/usr/bin/cc   -D_GNU_SOURCE=1   -o CMakeFiles/cmTC_7ee40.dir/CheckSymbolExists.c.o   -c /workspaces/CHIP-8-Emulator/src/SDL3-3.2.16/build/CMakeFiles/CMakeTmp/CheckSymbolExists.c
Linking C executable cmTC_7ee40
/usr/bin/cmake -E cmake_link_script CMakeFiles/cmTC_7ee40.dir/link.txt --verbose=1
/usr/bin/cc   -D_GNU_SOURCE=1    CMakeFiles/cmTC_7ee40.dir/CheckSymbolExists.c.o  -o cmTC_7ee40  -lm 
make[1]: Leaving directory '/workspaces/CHIP-8-Emulator/src/SDL3-3.2.16/build/CMakeFiles/CMakeTmp'


File /workspaces/CHIP-8-Emulator/src/SDL3-3.2.16/build/CMakeFiles/CMakeTmp/CheckSymbolExists.c:
/* */
#include <float.h>
#include <iconv.h>
#include <inttypes.h>
#include <limits.h>
#include <malloc.h>
#include <math.h>
#include <memory.h>
#include <signal.h>
#include <stdarg.h>
#include <stdbool.h>
#include <stddef.h>
#include <stdint.h>
#include <stdio.h>
#include <stdlib.h>
#include <string.h>
#include <strings.h>
#include <sys/types.h>
#include <time.h>
#include <wchar.h>

int main(int argc, char** argv)
{
  (void)argv;
#ifndef wcslen
  return ((int*)(&wcslen))[argc];
#else
  (void)argc;
  return 0;
#endif
}
Determining if the wcsncmp exist passed with the following output:
Change Dir: /workspaces/CHIP-8-Emulator/src/SDL3-3.2.16/build/CMakeFiles/CMakeTmp

Run Build Command(s):/usr/bin/make cmTC_521c3/fast && /usr/bin/make -f CMakeFiles/cmTC_521c3.dir/build.make CMakeFiles/cmTC_521c3.dir/build
make[1]: Entering directory '/workspaces/CHIP-8-Emulator/src/SDL3-3.2.16/build/CMakeFiles/CMakeTmp'
Building C object CMakeFiles/cmTC_521c3.dir/CheckSymbolExists.c.o
/usr/bin/cc   -D_GNU_SOURCE=1   -o CMakeFiles/cmTC_521c3.dir/CheckSymbolExists.c.o   -c /workspaces/CHIP-8-Emulator/src/SDL3-3.2.16/build/CMakeFiles/CMakeTmp/CheckSymbolExists.c
Linking C executable cmTC_521c3
/usr/bin/cmake -E cmake_link_script CMakeFiles/cmTC_521c3.dir/link.txt --verbose=1
/usr/bin/cc   -D_GNU_SOURCE=1    CMakeFiles/cmTC_521c3.dir/CheckSymbolExists.c.o  -o cmTC_521c3  -lm 
make[1]: Leaving directory '/workspaces/CHIP-8-Emulator/src/SDL3-3.2.16/build/CMakeFiles/CMakeTmp'


File /workspaces/CHIP-8-Emulator/src/SDL3-3.2.16/build/CMakeFiles/CMakeTmp/CheckSymbolExists.c:
/* */
#include <float.h>
#include <iconv.h>
#include <inttypes.h>
#include <limits.h>
#include <malloc.h>
#include <math.h>
#include <memory.h>
#include <signal.h>
#include <stdarg.h>
#include <stdbool.h>
#include <stddef.h>
#include <stdint.h>
#include <stdio.h>
#include <stdlib.h>
#include <string.h>
#include <strings.h>
#include <sys/types.h>
#include <time.h>
#include <wchar.h>

int main(int argc, char** argv)
{
  (void)argv;
#ifndef wcsncmp
  return ((int*)(&wcsncmp))[argc];
#else
  (void)argc;
  return 0;
#endif
}
Determining if the wcsstr exist passed with the following output:
Change Dir: /workspaces/CHIP-8-Emulator/src/SDL3-3.2.16/build/CMakeFiles/CMakeTmp

Run Build Command(s):/usr/bin/make cmTC_7ed6b/fast && /usr/bin/make -f CMakeFiles/cmTC_7ed6b.dir/build.make CMakeFiles/cmTC_7ed6b.dir/build
make[1]: Entering directory '/workspaces/CHIP-8-Emulator/src/SDL3-3.2.16/build/CMakeFiles/CMakeTmp'
Building C object CMakeFiles/cmTC_7ed6b.dir/CheckSymbolExists.c.o
/usr/bin/cc   -D_GNU_SOURCE=1   -o CMakeFiles/cmTC_7ed6b.dir/CheckSymbolExists.c.o   -c /workspaces/CHIP-8-Emulator/src/SDL3-3.2.16/build/CMakeFiles/CMakeTmp/CheckSymbolExists.c
Linking C executable cmTC_7ed6b
/usr/bin/cmake -E cmake_link_script CMakeFiles/cmTC_7ed6b.dir/link.txt --verbose=1
/usr/bin/cc   -D_GNU_SOURCE=1    CMakeFiles/cmTC_7ed6b.dir/CheckSymbolExists.c.o  -o cmTC_7ed6b  -lm 
make[1]: Leaving directory '/workspaces/CHIP-8-Emulator/src/SDL3-3.2.16/build/CMakeFiles/CMakeTmp'


File /workspaces/CHIP-8-Emulator/src/SDL3-3.2.16/build/CMakeFiles/CMakeTmp/CheckSymbolExists.c:
/* */
#include <float.h>
#include <iconv.h>
#include <inttypes.h>
#include <limits.h>
#include <malloc.h>
#include <math.h>
#include <memory.h>
#include <signal.h>
#include <stdarg.h>
#include <stdbool.h>
#include <stddef.h>
#include <stdint.h>
#include <stdio.h>
#include <stdlib.h>
#include <string.h>
#include <strings.h>
#include <sys/types.h>
#include <time.h>
#include <wchar.h>

int main(int argc, char** argv)
{
  (void)argv;
#ifndef wcsstr
  return ((int*)(&wcsstr))[argc];
#else
  (void)argc;
  return 0;
#endif
}
Determining if the wcstol exist passed with the following output:
Change Dir: /workspaces/CHIP-8-Emulator/src/SDL3-3.2.16/build/CMakeFiles/CMakeTmp

Run Build Command(s):/usr/bin/make cmTC_709f4/fast && /usr/bin/make -f CMakeFiles/cmTC_709f4.dir/build.make CMakeFiles/cmTC_709f4.dir/build
make[1]: Entering directory '/workspaces/CHIP-8-Emulator/src/SDL3-3.2.16/build/CMakeFiles/CMakeTmp'
Building C object CMakeFiles/cmTC_709f4.dir/CheckSymbolExists.c.o
/usr/bin/cc   -D_GNU_SOURCE=1   -o CMakeFiles/cmTC_709f4.dir/CheckSymbolExists.c.o   -c /workspaces/CHIP-8-Emulator/src/SDL3-3.2.16/build/CMakeFiles/CMakeTmp/CheckSymbolExists.c
Linking C executable cmTC_709f4
/usr/bin/cmake -E cmake_link_script CMakeFiles/cmTC_709f4.dir/link.txt --verbose=1
/usr/bin/cc   -D_GNU_SOURCE=1    CMakeFiles/cmTC_709f4.dir/CheckSymbolExists.c.o  -o cmTC_709f4  -lm 
make[1]: Leaving directory '/workspaces/CHIP-8-Emulator/src/SDL3-3.2.16/build/CMakeFiles/CMakeTmp'


File /workspaces/CHIP-8-Emulator/src/SDL3-3.2.16/build/CMakeFiles/CMakeTmp/CheckSymbolExists.c:
/* */
#include <float.h>
#include <iconv.h>
#include <inttypes.h>
#include <limits.h>
#include <malloc.h>
#include <math.h>
#include <memory.h>
#include <signal.h>
#include <stdarg.h>
#include <stdbool.h>
#include <stddef.h>
#include <stdint.h>
#include <stdio.h>
#include <stdlib.h>
#include <string.h>
#include <strings.h>
#include <sys/types.h>
#include <time.h>
#include <wchar.h>

int main(int argc, char** argv)
{
  (void)argv;
#ifndef wcstol
  return ((int*)(&wcstol))[argc];
#else
  (void)argc;
  return 0;
#endif
}
Determining if the strcasestr exist passed with the following output:
Change Dir: /workspaces/CHIP-8-Emulator/src/SDL3-3.2.16/build/CMakeFiles/CMakeTmp

Run Build Command(s):/usr/bin/make cmTC_86e2e/fast && /usr/bin/make -f CMakeFiles/cmTC_86e2e.dir/build.make CMakeFiles/cmTC_86e2e.dir/build
make[1]: Entering directory '/workspaces/CHIP-8-Emulator/src/SDL3-3.2.16/build/CMakeFiles/CMakeTmp'
Building C object CMakeFiles/cmTC_86e2e.dir/CheckSymbolExists.c.o
/usr/bin/cc   -D_GNU_SOURCE=1   -o CMakeFiles/cmTC_86e2e.dir/CheckSymbolExists.c.o   -c /workspaces/CHIP-8-Emulator/src/SDL3-3.2.16/build/CMakeFiles/CMakeTmp/CheckSymbolExists.c
Linking C executable cmTC_86e2e
/usr/bin/cmake -E cmake_link_script CMakeFiles/cmTC_86e2e.dir/link.txt --verbose=1
/usr/bin/cc   -D_GNU_SOURCE=1    CMakeFiles/cmTC_86e2e.dir/CheckSymbolExists.c.o  -o cmTC_86e2e  -lm 
make[1]: Leaving directory '/workspaces/CHIP-8-Emulator/src/SDL3-3.2.16/build/CMakeFiles/CMakeTmp'


File /workspaces/CHIP-8-Emulator/src/SDL3-3.2.16/build/CMakeFiles/CMakeTmp/CheckSymbolExists.c:
/* */
#include <float.h>
#include <iconv.h>
#include <inttypes.h>
#include <limits.h>
#include <malloc.h>
#include <math.h>
#include <memory.h>
#include <signal.h>
#include <stdarg.h>
#include <stdbool.h>
#include <stddef.h>
#include <stdint.h>
#include <stdio.h>
#include <stdlib.h>
#include <string.h>
#include <strings.h>
#include <sys/types.h>
#include <time.h>
#include <wchar.h>

int main(int argc, char** argv)
{
  (void)argv;
#ifndef strcasestr
  return ((int*)(&strcasestr))[argc];
#else
  (void)argc;
  return 0;
#endif
}
Performing C SOURCE FILE Test LIBC_HAS_ISINF succeeded with the following output:
Change Dir: /workspaces/CHIP-8-Emulator/src/SDL3-3.2.16/build/CMakeFiles/CMakeTmp

Run Build Command(s):/usr/bin/make cmTC_a8d45/fast && /usr/bin/make -f CMakeFiles/cmTC_a8d45.dir/build.make CMakeFiles/cmTC_a8d45.dir/build
make[1]: Entering directory '/workspaces/CHIP-8-Emulator/src/SDL3-3.2.16/build/CMakeFiles/CMakeTmp'
Building C object CMakeFiles/cmTC_a8d45.dir/src.c.o
/usr/bin/cc   -DLIBC_HAS_ISINF  -D_GNU_SOURCE=1 -Wfloat-conversion -Werror   -o CMakeFiles/cmTC_a8d45.dir/src.c.o   -c /workspaces/CHIP-8-Emulator/src/SDL3-3.2.16/build/CMakeFiles/CMakeTmp/src.c
Linking C executable cmTC_a8d45
/usr/bin/cmake -E cmake_link_script CMakeFiles/cmTC_a8d45.dir/link.txt --verbose=1
/usr/bin/cc  -DLIBC_HAS_ISINF  -D_GNU_SOURCE=1 -Wfloat-conversion -Werror    CMakeFiles/cmTC_a8d45.dir/src.c.o  -o cmTC_a8d45 
make[1]: Leaving directory '/workspaces/CHIP-8-Emulator/src/SDL3-3.2.16/build/CMakeFiles/CMakeTmp'


Source file was:

        #include <math.h>
        int main() {
          double d = 3.14159;
          return isinf(d);
        }
      
Performing C SOURCE FILE Test LIBC_ISINF_HANDLES_FLOAT succeeded with the following output:
Change Dir: /workspaces/CHIP-8-Emulator/src/SDL3-3.2.16/build/CMakeFiles/CMakeTmp

Run Build Command(s):/usr/bin/make cmTC_40d5b/fast && /usr/bin/make -f CMakeFiles/cmTC_40d5b.dir/build.make CMakeFiles/cmTC_40d5b.dir/build
make[1]: Entering directory '/workspaces/CHIP-8-Emulator/src/SDL3-3.2.16/build/CMakeFiles/CMakeTmp'
Building C object CMakeFiles/cmTC_40d5b.dir/src.c.o
/usr/bin/cc   -DLIBC_ISINF_HANDLES_FLOAT  -D_GNU_SOURCE=1 -Wfloat-conversion -Werror   -o CMakeFiles/cmTC_40d5b.dir/src.c.o   -c /workspaces/CHIP-8-Emulator/src/SDL3-3.2.16/build/CMakeFiles/CMakeTmp/src.c
Linking C executable cmTC_40d5b
/usr/bin/cmake -E cmake_link_script CMakeFiles/cmTC_40d5b.dir/link.txt --verbose=1
/usr/bin/cc  -DLIBC_ISINF_HANDLES_FLOAT  -D_GNU_SOURCE=1 -Wfloat-conversion -Werror    CMakeFiles/cmTC_40d5b.dir/src.c.o  -o cmTC_40d5b 
make[1]: Leaving directory '/workspaces/CHIP-8-Emulator/src/SDL3-3.2.16/build/CMakeFiles/CMakeTmp'


Source file was:

      #include <math.h>
      int main() {
        float f = 3.14159f;
        return isinf(f);
      }
    
Performing C SOURCE FILE Test LIBC_HAS_ISINFF succeeded with the following output:
Change Dir: /workspaces/CHIP-8-Emulator/src/SDL3-3.2.16/build/CMakeFiles/CMakeTmp

Run Build Command(s):/usr/bin/make cmTC_639b0/fast && /usr/bin/make -f CMakeFiles/cmTC_639b0.dir/build.make CMakeFiles/cmTC_639b0.dir/build
make[1]: Entering directory '/workspaces/CHIP-8-Emulator/src/SDL3-3.2.16/build/CMakeFiles/CMakeTmp'
Building C object CMakeFiles/cmTC_639b0.dir/src.c.o
/usr/bin/cc   -DLIBC_HAS_ISINFF  -D_GNU_SOURCE=1 -Wfloat-conversion -Werror   -o CMakeFiles/cmTC_639b0.dir/src.c.o   -c /workspaces/CHIP-8-Emulator/src/SDL3-3.2.16/build/CMakeFiles/CMakeTmp/src.c
Linking C executable cmTC_639b0
/usr/bin/cmake -E cmake_link_script CMakeFiles/cmTC_639b0.dir/link.txt --verbose=1
/usr/bin/cc  -DLIBC_HAS_ISINFF  -D_GNU_SOURCE=1 -Wfloat-conversion -Werror    CMakeFiles/cmTC_639b0.dir/src.c.o  -o cmTC_639b0 
make[1]: Leaving directory '/workspaces/CHIP-8-Emulator/src/SDL3-3.2.16/build/CMakeFiles/CMakeTmp'


Source file was:

      #include <math.h>
      int main() {
        float f = 3.14159f;
        return isinff(f);
      }
    
Performing C SOURCE FILE Test LIBC_HAS_ISNAN succeeded with the following output:
Change Dir: /workspaces/CHIP-8-Emulator/src/SDL3-3.2.16/build/CMakeFiles/CMakeTmp

Run Build Command(s):/usr/bin/make cmTC_5a44a/fast && /usr/bin/make -f CMakeFiles/cmTC_5a44a.dir/build.make CMakeFiles/cmTC_5a44a.dir/build
make[1]: Entering directory '/workspaces/CHIP-8-Emulator/src/SDL3-3.2.16/build/CMakeFiles/CMakeTmp'
Building C object CMakeFiles/cmTC_5a44a.dir/src.c.o
/usr/bin/cc   -DLIBC_HAS_ISNAN  -D_GNU_SOURCE=1 -Wfloat-conversion -Werror   -o CMakeFiles/cmTC_5a44a.dir/src.c.o   -c /workspaces/CHIP-8-Emulator/src/SDL3-3.2.16/build/CMakeFiles/CMakeTmp/src.c
Linking C executable cmTC_5a44a
/usr/bin/cmake -E cmake_link_script CMakeFiles/cmTC_5a44a.dir/link.txt --verbose=1
/usr/bin/cc  -DLIBC_HAS_ISNAN  -D_GNU_SOURCE=1 -Wfloat-conversion -Werror    CMakeFiles/cmTC_5a44a.dir/src.c.o  -o cmTC_5a44a 
make[1]: Leaving directory '/workspaces/CHIP-8-Emulator/src/SDL3-3.2.16/build/CMakeFiles/CMakeTmp'


Source file was:

        #include <math.h>
        int main() {
          double d = 3.14159;
          return isnan(d);
        }
      
Performing C SOURCE FILE Test LIBC_ISNAN_HANDLES_FLOAT succeeded with the following output:
Change Dir: /workspaces/CHIP-8-Emulator/src/SDL3-3.2.16/build/CMakeFiles/CMakeTmp

Run Build Command(s):/usr/bin/make cmTC_43908/fast && /usr/bin/make -f CMakeFiles/cmTC_43908.dir/build.make CMakeFiles/cmTC_43908.dir/build
make[1]: Entering directory '/workspaces/CHIP-8-Emulator/src/SDL3-3.2.16/build/CMakeFiles/CMakeTmp'
Building C object CMakeFiles/cmTC_43908.dir/src.c.o
/usr/bin/cc   -DLIBC_ISNAN_HANDLES_FLOAT  -D_GNU_SOURCE=1 -Wfloat-conversion -Werror   -o CMakeFiles/cmTC_43908.dir/src.c.o   -c /workspaces/CHIP-8-Emulator/src/SDL3-3.2.16/build/CMakeFiles/CMakeTmp/src.c
Linking C executable cmTC_43908
/usr/bin/cmake -E cmake_link_script CMakeFiles/cmTC_43908.dir/link.txt --verbose=1
/usr/bin/cc  -DLIBC_ISNAN_HANDLES_FLOAT  -D_GNU_SOURCE=1 -Wfloat-conversion -Werror    CMakeFiles/cmTC_43908.dir/src.c.o  -o cmTC_43908 
make[1]: Leaving directory '/workspaces/CHIP-8-Emulator/src/SDL3-3.2.16/build/CMakeFiles/CMakeTmp'


Source file was:

      #include <math.h>
      int main() {
        float f = 3.14159f;
        return isnan(f);
      }
    
Performing C SOURCE FILE Test LIBC_HAS_ISNANF succeeded with the following output:
Change Dir: /workspaces/CHIP-8-Emulator/src/SDL3-3.2.16/build/CMakeFiles/CMakeTmp

Run Build Command(s):/usr/bin/make cmTC_1888c/fast && /usr/bin/make -f CMakeFiles/cmTC_1888c.dir/build.make CMakeFiles/cmTC_1888c.dir/build
make[1]: Entering directory '/workspaces/CHIP-8-Emulator/src/SDL3-3.2.16/build/CMakeFiles/CMakeTmp'
Building C object CMakeFiles/cmTC_1888c.dir/src.c.o
/usr/bin/cc   -DLIBC_HAS_ISNANF  -D_GNU_SOURCE=1 -Wfloat-conversion -Werror   -o CMakeFiles/cmTC_1888c.dir/src.c.o   -c /workspaces/CHIP-8-Emulator/src/SDL3-3.2.16/build/CMakeFiles/CMakeTmp/src.c
Linking C executable cmTC_1888c
/usr/bin/cmake -E cmake_link_script CMakeFiles/cmTC_1888c.dir/link.txt --verbose=1
/usr/bin/cc  -DLIBC_HAS_ISNANF  -D_GNU_SOURCE=1 -Wfloat-conversion -Werror    CMakeFiles/cmTC_1888c.dir/src.c.o  -o cmTC_1888c 
make[1]: Leaving directory '/workspaces/CHIP-8-Emulator/src/SDL3-3.2.16/build/CMakeFiles/CMakeTmp'


Source file was:

      #include <math.h>
      int main() {
        float f = 3.14159f;
        return isnanf(f);
      }
    
Determining if the fdatasync exist passed with the following output:
Change Dir: /workspaces/CHIP-8-Emulator/src/SDL3-3.2.16/build/CMakeFiles/CMakeTmp

Run Build Command(s):/usr/bin/make cmTC_b56ba/fast && /usr/bin/make -f CMakeFiles/cmTC_b56ba.dir/build.make CMakeFiles/cmTC_b56ba.dir/build
make[1]: Entering directory '/workspaces/CHIP-8-Emulator/src/SDL3-3.2.16/build/CMakeFiles/CMakeTmp'
Building C object CMakeFiles/cmTC_b56ba.dir/CheckSymbolExists.c.o
/usr/bin/cc   -D_GNU_SOURCE=1   -o CMakeFiles/cmTC_b56ba.dir/CheckSymbolExists.c.o   -c /workspaces/CHIP-8-Emulator/src/SDL3-3.2.16/build/CMakeFiles/CMakeTmp/CheckSymbolExists.c
Linking C executable cmTC_b56ba
/usr/bin/cmake -E cmake_link_script CMakeFiles/cmTC_b56ba.dir/link.txt --verbose=1
/usr/bin/cc   -D_GNU_SOURCE=1    CMakeFiles/cmTC_b56ba.dir/CheckSymbolExists.c.o  -o cmTC_b56ba 
make[1]: Leaving directory '/workspaces/CHIP-8-Emulator/src/SDL3-3.2.16/build/CMakeFiles/CMakeTmp'


File /workspaces/CHIP-8-Emulator/src/SDL3-3.2.16/build/CMakeFiles/CMakeTmp/CheckSymbolExists.c:
/* */
#include <unistd.h>

int main(int argc, char** argv)
{
  (void)argv;
#ifndef fdatasync
  return ((int*)(&fdatasync))[argc];
#else
  (void)argc;
  return 0;
#endif
}
Determining if the gethostname exist passed with the following output:
Change Dir: /workspaces/CHIP-8-Emulator/src/SDL3-3.2.16/build/CMakeFiles/CMakeTmp

Run Build Command(s):/usr/bin/make cmTC_4f9c7/fast && /usr/bin/make -f CMakeFiles/cmTC_4f9c7.dir/build.make CMakeFiles/cmTC_4f9c7.dir/build
make[1]: Entering directory '/workspaces/CHIP-8-Emulator/src/SDL3-3.2.16/build/CMakeFiles/CMakeTmp'
Building C object CMakeFiles/cmTC_4f9c7.dir/CheckSymbolExists.c.o
/usr/bin/cc   -D_GNU_SOURCE=1   -o CMakeFiles/cmTC_4f9c7.dir/CheckSymbolExists.c.o   -c /workspaces/CHIP-8-Emulator/src/SDL3-3.2.16/build/CMakeFiles/CMakeTmp/CheckSymbolExists.c
Linking C executable cmTC_4f9c7
/usr/bin/cmake -E cmake_link_script CMakeFiles/cmTC_4f9c7.dir/link.txt --verbose=1
/usr/bin/cc   -D_GNU_SOURCE=1    CMakeFiles/cmTC_4f9c7.dir/CheckSymbolExists.c.o  -o cmTC_4f9c7 
make[1]: Leaving directory '/workspaces/CHIP-8-Emulator/src/SDL3-3.2.16/build/CMakeFiles/CMakeTmp'


File /workspaces/CHIP-8-Emulator/src/SDL3-3.2.16/build/CMakeFiles/CMakeTmp/CheckSymbolExists.c:
/* */
#include <unistd.h>

int main(int argc, char** argv)
{
  (void)argv;
#ifndef gethostname
  return ((int*)(&gethostname))[argc];
#else
  (void)argc;
  return 0;
#endif
}
Determining if the getpagesize exist passed with the following output:
Change Dir: /workspaces/CHIP-8-Emulator/src/SDL3-3.2.16/build/CMakeFiles/CMakeTmp

Run Build Command(s):/usr/bin/make cmTC_2ce9e/fast && /usr/bin/make -f CMakeFiles/cmTC_2ce9e.dir/build.make CMakeFiles/cmTC_2ce9e.dir/build
make[1]: Entering directory '/workspaces/CHIP-8-Emulator/src/SDL3-3.2.16/build/CMakeFiles/CMakeTmp'
Building C object CMakeFiles/cmTC_2ce9e.dir/CheckSymbolExists.c.o
/usr/bin/cc   -D_GNU_SOURCE=1   -o CMakeFiles/cmTC_2ce9e.dir/CheckSymbolExists.c.o   -c /workspaces/CHIP-8-Emulator/src/SDL3-3.2.16/build/CMakeFiles/CMakeTmp/CheckSymbolExists.c
Linking C executable cmTC_2ce9e
/usr/bin/cmake -E cmake_link_script CMakeFiles/cmTC_2ce9e.dir/link.txt --verbose=1
/usr/bin/cc   -D_GNU_SOURCE=1    CMakeFiles/cmTC_2ce9e.dir/CheckSymbolExists.c.o  -o cmTC_2ce9e 
make[1]: Leaving directory '/workspaces/CHIP-8-Emulator/src/SDL3-3.2.16/build/CMakeFiles/CMakeTmp'


File /workspaces/CHIP-8-Emulator/src/SDL3-3.2.16/build/CMakeFiles/CMakeTmp/CheckSymbolExists.c:
/* */
#include <unistd.h>

int main(int argc, char** argv)
{
  (void)argv;
#ifndef getpagesize
  return ((int*)(&getpagesize))[argc];
#else
  (void)argc;
  return 0;
#endif
}
Determining if the sigaction exist passed with the following output:
Change Dir: /workspaces/CHIP-8-Emulator/src/SDL3-3.2.16/build/CMakeFiles/CMakeTmp

Run Build Command(s):/usr/bin/make cmTC_24bf0/fast && /usr/bin/make -f CMakeFiles/cmTC_24bf0.dir/build.make CMakeFiles/cmTC_24bf0.dir/build
make[1]: Entering directory '/workspaces/CHIP-8-Emulator/src/SDL3-3.2.16/build/CMakeFiles/CMakeTmp'
Building C object CMakeFiles/cmTC_24bf0.dir/CheckSymbolExists.c.o
/usr/bin/cc   -D_GNU_SOURCE=1   -o CMakeFiles/cmTC_24bf0.dir/CheckSymbolExists.c.o   -c /workspaces/CHIP-8-Emulator/src/SDL3-3.2.16/build/CMakeFiles/CMakeTmp/CheckSymbolExists.c
Linking C executable cmTC_24bf0
/usr/bin/cmake -E cmake_link_script CMakeFiles/cmTC_24bf0.dir/link.txt --verbose=1
/usr/bin/cc   -D_GNU_SOURCE=1    CMakeFiles/cmTC_24bf0.dir/CheckSymbolExists.c.o  -o cmTC_24bf0 
make[1]: Leaving directory '/workspaces/CHIP-8-Emulator/src/SDL3-3.2.16/build/CMakeFiles/CMakeTmp'


File /workspaces/CHIP-8-Emulator/src/SDL3-3.2.16/build/CMakeFiles/CMakeTmp/CheckSymbolExists.c:
/* */
#include <signal.h>

int main(int argc, char** argv)
{
  (void)argv;
#ifndef sigaction
  return ((int*)(&sigaction))[argc];
#else
  (void)argc;
  return 0;
#endif
}
Determining if the setjmp exist passed with the following output:
Change Dir: /workspaces/CHIP-8-Emulator/src/SDL3-3.2.16/build/CMakeFiles/CMakeTmp

Run Build Command(s):/usr/bin/make cmTC_31767/fast && /usr/bin/make -f CMakeFiles/cmTC_31767.dir/build.make CMakeFiles/cmTC_31767.dir/build
make[1]: Entering directory '/workspaces/CHIP-8-Emulator/src/SDL3-3.2.16/build/CMakeFiles/CMakeTmp'
Building C object CMakeFiles/cmTC_31767.dir/CheckSymbolExists.c.o
/usr/bin/cc   -D_GNU_SOURCE=1   -o CMakeFiles/cmTC_31767.dir/CheckSymbolExists.c.o   -c /workspaces/CHIP-8-Emulator/src/SDL3-3.2.16/build/CMakeFiles/CMakeTmp/CheckSymbolExists.c
Linking C executable cmTC_31767
/usr/bin/cmake -E cmake_link_script CMakeFiles/cmTC_31767.dir/link.txt --verbose=1
/usr/bin/cc   -D_GNU_SOURCE=1    CMakeFiles/cmTC_31767.dir/CheckSymbolExists.c.o  -o cmTC_31767 
make[1]: Leaving directory '/workspaces/CHIP-8-Emulator/src/SDL3-3.2.16/build/CMakeFiles/CMakeTmp'


File /workspaces/CHIP-8-Emulator/src/SDL3-3.2.16/build/CMakeFiles/CMakeTmp/CheckSymbolExists.c:
/* */
#include <setjmp.h>

int main(int argc, char** argv)
{
  (void)argv;
#ifndef setjmp
  return ((int*)(&setjmp))[argc];
#else
  (void)argc;
  return 0;
#endif
}
Determining if the nanosleep exist passed with the following output:
Change Dir: /workspaces/CHIP-8-Emulator/src/SDL3-3.2.16/build/CMakeFiles/CMakeTmp

Run Build Command(s):/usr/bin/make cmTC_6a208/fast && /usr/bin/make -f CMakeFiles/cmTC_6a208.dir/build.make CMakeFiles/cmTC_6a208.dir/build
make[1]: Entering directory '/workspaces/CHIP-8-Emulator/src/SDL3-3.2.16/build/CMakeFiles/CMakeTmp'
Building C object CMakeFiles/cmTC_6a208.dir/CheckSymbolExists.c.o
/usr/bin/cc   -D_GNU_SOURCE=1   -o CMakeFiles/cmTC_6a208.dir/CheckSymbolExists.c.o   -c /workspaces/CHIP-8-Emulator/src/SDL3-3.2.16/build/CMakeFiles/CMakeTmp/CheckSymbolExists.c
Linking C executable cmTC_6a208
/usr/bin/cmake -E cmake_link_script CMakeFiles/cmTC_6a208.dir/link.txt --verbose=1
/usr/bin/cc   -D_GNU_SOURCE=1    CMakeFiles/cmTC_6a208.dir/CheckSymbolExists.c.o  -o cmTC_6a208 
make[1]: Leaving directory '/workspaces/CHIP-8-Emulator/src/SDL3-3.2.16/build/CMakeFiles/CMakeTmp'


File /workspaces/CHIP-8-Emulator/src/SDL3-3.2.16/build/CMakeFiles/CMakeTmp/CheckSymbolExists.c:
/* */
#include <time.h>

int main(int argc, char** argv)
{
  (void)argv;
#ifndef nanosleep
  return ((int*)(&nanosleep))[argc];
#else
  (void)argc;
  return 0;
#endif
}
Determining if the gmtime_r exist passed with the following output:
Change Dir: /workspaces/CHIP-8-Emulator/src/SDL3-3.2.16/build/CMakeFiles/CMakeTmp

Run Build Command(s):/usr/bin/make cmTC_342e9/fast && /usr/bin/make -f CMakeFiles/cmTC_342e9.dir/build.make CMakeFiles/cmTC_342e9.dir/build
make[1]: Entering directory '/workspaces/CHIP-8-Emulator/src/SDL3-3.2.16/build/CMakeFiles/CMakeTmp'
Building C object CMakeFiles/cmTC_342e9.dir/CheckSymbolExists.c.o
/usr/bin/cc   -D_GNU_SOURCE=1   -o CMakeFiles/cmTC_342e9.dir/CheckSymbolExists.c.o   -c /workspaces/CHIP-8-Emulator/src/SDL3-3.2.16/build/CMakeFiles/CMakeTmp/CheckSymbolExists.c
Linking C executable cmTC_342e9
/usr/bin/cmake -E cmake_link_script CMakeFiles/cmTC_342e9.dir/link.txt --verbose=1
/usr/bin/cc   -D_GNU_SOURCE=1    CMakeFiles/cmTC_342e9.dir/CheckSymbolExists.c.o  -o cmTC_342e9 
make[1]: Leaving directory '/workspaces/CHIP-8-Emulator/src/SDL3-3.2.16/build/CMakeFiles/CMakeTmp'


File /workspaces/CHIP-8-Emulator/src/SDL3-3.2.16/build/CMakeFiles/CMakeTmp/CheckSymbolExists.c:
/* */
#include <time.h>

int main(int argc, char** argv)
{
  (void)argv;
#ifndef gmtime_r
  return ((int*)(&gmtime_r))[argc];
#else
  (void)argc;
  return 0;
#endif
}
Determining if the localtime_r exist passed with the following output:
Change Dir: /workspaces/CHIP-8-Emulator/src/SDL3-3.2.16/build/CMakeFiles/CMakeTmp

Run Build Command(s):/usr/bin/make cmTC_fb19d/fast && /usr/bin/make -f CMakeFiles/cmTC_fb19d.dir/build.make CMakeFiles/cmTC_fb19d.dir/build
make[1]: Entering directory '/workspaces/CHIP-8-Emulator/src/SDL3-3.2.16/build/CMakeFiles/CMakeTmp'
Building C object CMakeFiles/cmTC_fb19d.dir/CheckSymbolExists.c.o
/usr/bin/cc   -D_GNU_SOURCE=1   -o CMakeFiles/cmTC_fb19d.dir/CheckSymbolExists.c.o   -c /workspaces/CHIP-8-Emulator/src/SDL3-3.2.16/build/CMakeFiles/CMakeTmp/CheckSymbolExists.c
Linking C executable cmTC_fb19d
/usr/bin/cmake -E cmake_link_script CMakeFiles/cmTC_fb19d.dir/link.txt --verbose=1
/usr/bin/cc   -D_GNU_SOURCE=1    CMakeFiles/cmTC_fb19d.dir/CheckSymbolExists.c.o  -o cmTC_fb19d 
make[1]: Leaving directory '/workspaces/CHIP-8-Emulator/src/SDL3-3.2.16/build/CMakeFiles/CMakeTmp'


File /workspaces/CHIP-8-Emulator/src/SDL3-3.2.16/build/CMakeFiles/CMakeTmp/CheckSymbolExists.c:
/* */
#include <time.h>

int main(int argc, char** argv)
{
  (void)argv;
#ifndef localtime_r
  return ((int*)(&localtime_r))[argc];
#else
  (void)argc;
  return 0;
#endif
}
Determining if the nl_langinfo exist passed with the following output:
Change Dir: /workspaces/CHIP-8-Emulator/src/SDL3-3.2.16/build/CMakeFiles/CMakeTmp

Run Build Command(s):/usr/bin/make cmTC_841a9/fast && /usr/bin/make -f CMakeFiles/cmTC_841a9.dir/build.make CMakeFiles/cmTC_841a9.dir/build
make[1]: Entering directory '/workspaces/CHIP-8-Emulator/src/SDL3-3.2.16/build/CMakeFiles/CMakeTmp'
Building C object CMakeFiles/cmTC_841a9.dir/CheckSymbolExists.c.o
/usr/bin/cc   -D_GNU_SOURCE=1   -o CMakeFiles/cmTC_841a9.dir/CheckSymbolExists.c.o   -c /workspaces/CHIP-8-Emulator/src/SDL3-3.2.16/build/CMakeFiles/CMakeTmp/CheckSymbolExists.c
Linking C executable cmTC_841a9
/usr/bin/cmake -E cmake_link_script CMakeFiles/cmTC_841a9.dir/link.txt --verbose=1
/usr/bin/cc   -D_GNU_SOURCE=1    CMakeFiles/cmTC_841a9.dir/CheckSymbolExists.c.o  -o cmTC_841a9 
make[1]: Leaving directory '/workspaces/CHIP-8-Emulator/src/SDL3-3.2.16/build/CMakeFiles/CMakeTmp'


File /workspaces/CHIP-8-Emulator/src/SDL3-3.2.16/build/CMakeFiles/CMakeTmp/CheckSymbolExists.c:
/* */
#include <langinfo.h>

int main(int argc, char** argv)
{
  (void)argv;
#ifndef nl_langinfo
  return ((int*)(&nl_langinfo))[argc];
#else
  (void)argc;
  return 0;
#endif
}
Determining if the sysconf exist passed with the following output:
Change Dir: /workspaces/CHIP-8-Emulator/src/SDL3-3.2.16/build/CMakeFiles/CMakeTmp

Run Build Command(s):/usr/bin/make cmTC_3a748/fast && /usr/bin/make -f CMakeFiles/cmTC_3a748.dir/build.make CMakeFiles/cmTC_3a748.dir/build
make[1]: Entering directory '/workspaces/CHIP-8-Emulator/src/SDL3-3.2.16/build/CMakeFiles/CMakeTmp'
Building C object CMakeFiles/cmTC_3a748.dir/CheckSymbolExists.c.o
/usr/bin/cc   -D_GNU_SOURCE=1   -o CMakeFiles/cmTC_3a748.dir/CheckSymbolExists.c.o   -c /workspaces/CHIP-8-Emulator/src/SDL3-3.2.16/build/CMakeFiles/CMakeTmp/CheckSymbolExists.c
Linking C executable cmTC_3a748
/usr/bin/cmake -E cmake_link_script CMakeFiles/cmTC_3a748.dir/link.txt --verbose=1
/usr/bin/cc   -D_GNU_SOURCE=1    CMakeFiles/cmTC_3a748.dir/CheckSymbolExists.c.o  -o cmTC_3a748 
make[1]: Leaving directory '/workspaces/CHIP-8-Emulator/src/SDL3-3.2.16/build/CMakeFiles/CMakeTmp'


File /workspaces/CHIP-8-Emulator/src/SDL3-3.2.16/build/CMakeFiles/CMakeTmp/CheckSymbolExists.c:
/* */
#include <unistd.h>

int main(int argc, char** argv)
{
  (void)argv;
#ifndef sysconf
  return ((int*)(&sysconf))[argc];
#else
  (void)argc;
  return 0;
#endif
}
Determining if the getauxval exist passed with the following output:
Change Dir: /workspaces/CHIP-8-Emulator/src/SDL3-3.2.16/build/CMakeFiles/CMakeTmp

Run Build Command(s):/usr/bin/make cmTC_f4d13/fast && /usr/bin/make -f CMakeFiles/cmTC_f4d13.dir/build.make CMakeFiles/cmTC_f4d13.dir/build
make[1]: Entering directory '/workspaces/CHIP-8-Emulator/src/SDL3-3.2.16/build/CMakeFiles/CMakeTmp'
Building C object CMakeFiles/cmTC_f4d13.dir/CheckSymbolExists.c.o
/usr/bin/cc   -D_GNU_SOURCE=1   -o CMakeFiles/cmTC_f4d13.dir/CheckSymbolExists.c.o   -c /workspaces/CHIP-8-Emulator/src/SDL3-3.2.16/build/CMakeFiles/CMakeTmp/CheckSymbolExists.c
Linking C executable cmTC_f4d13
/usr/bin/cmake -E cmake_link_script CMakeFiles/cmTC_f4d13.dir/link.txt --verbose=1
/usr/bin/cc   -D_GNU_SOURCE=1    CMakeFiles/cmTC_f4d13.dir/CheckSymbolExists.c.o  -o cmTC_f4d13 
make[1]: Leaving directory '/workspaces/CHIP-8-Emulator/src/SDL3-3.2.16/build/CMakeFiles/CMakeTmp'


File /workspaces/CHIP-8-Emulator/src/SDL3-3.2.16/build/CMakeFiles/CMakeTmp/CheckSymbolExists.c:
/* */
#include <sys/auxv.h>

int main(int argc, char** argv)
{
  (void)argv;
#ifndef getauxval
  return ((int*)(&getauxval))[argc];
#else
  (void)argc;
  return 0;
#endif
}
Determining if the poll exist passed with the following output:
Change Dir: /workspaces/CHIP-8-Emulator/src/SDL3-3.2.16/build/CMakeFiles/CMakeTmp

Run Build Command(s):/usr/bin/make cmTC_0b5a8/fast && /usr/bin/make -f CMakeFiles/cmTC_0b5a8.dir/build.make CMakeFiles/cmTC_0b5a8.dir/build
make[1]: Entering directory '/workspaces/CHIP-8-Emulator/src/SDL3-3.2.16/build/CMakeFiles/CMakeTmp'
Building C object CMakeFiles/cmTC_0b5a8.dir/CheckSymbolExists.c.o
/usr/bin/cc   -D_GNU_SOURCE=1   -o CMakeFiles/cmTC_0b5a8.dir/CheckSymbolExists.c.o   -c /workspaces/CHIP-8-Emulator/src/SDL3-3.2.16/build/CMakeFiles/CMakeTmp/CheckSymbolExists.c
Linking C executable cmTC_0b5a8
/usr/bin/cmake -E cmake_link_script CMakeFiles/cmTC_0b5a8.dir/link.txt --verbose=1
/usr/bin/cc   -D_GNU_SOURCE=1    CMakeFiles/cmTC_0b5a8.dir/CheckSymbolExists.c.o  -o cmTC_0b5a8 
make[1]: Leaving directory '/workspaces/CHIP-8-Emulator/src/SDL3-3.2.16/build/CMakeFiles/CMakeTmp'


File /workspaces/CHIP-8-Emulator/src/SDL3-3.2.16/build/CMakeFiles/CMakeTmp/CheckSymbolExists.c:
/* */
#include <poll.h>

int main(int argc, char** argv)
{
  (void)argv;
#ifndef poll
  return ((int*)(&poll))[argc];
#else
  (void)argc;
  return 0;
#endif
}
Determining if the memfd_create exist passed with the following output:
Change Dir: /workspaces/CHIP-8-Emulator/src/SDL3-3.2.16/build/CMakeFiles/CMakeTmp

Run Build Command(s):/usr/bin/make cmTC_5c124/fast && /usr/bin/make -f CMakeFiles/cmTC_5c124.dir/build.make CMakeFiles/cmTC_5c124.dir/build
make[1]: Entering directory '/workspaces/CHIP-8-Emulator/src/SDL3-3.2.16/build/CMakeFiles/CMakeTmp'
Building C object CMakeFiles/cmTC_5c124.dir/CheckSymbolExists.c.o
/usr/bin/cc   -D_GNU_SOURCE=1   -o CMakeFiles/cmTC_5c124.dir/CheckSymbolExists.c.o   -c /workspaces/CHIP-8-Emulator/src/SDL3-3.2.16/build/CMakeFiles/CMakeTmp/CheckSymbolExists.c
Linking C executable cmTC_5c124
/usr/bin/cmake -E cmake_link_script CMakeFiles/cmTC_5c124.dir/link.txt --verbose=1
/usr/bin/cc   -D_GNU_SOURCE=1    CMakeFiles/cmTC_5c124.dir/CheckSymbolExists.c.o  -o cmTC_5c124 
make[1]: Leaving directory '/workspaces/CHIP-8-Emulator/src/SDL3-3.2.16/build/CMakeFiles/CMakeTmp'


File /workspaces/CHIP-8-Emulator/src/SDL3-3.2.16/build/CMakeFiles/CMakeTmp/CheckSymbolExists.c:
/* */
#include <sys/mman.h>

int main(int argc, char** argv)
{
  (void)argv;
#ifndef memfd_create
  return ((int*)(&memfd_create))[argc];
#else
  (void)argc;
  return 0;
#endif
}
Determining if the posix_fallocate exist passed with the following output:
Change Dir: /workspaces/CHIP-8-Emulator/src/SDL3-3.2.16/build/CMakeFiles/CMakeTmp

Run Build Command(s):/usr/bin/make cmTC_f2420/fast && /usr/bin/make -f CMakeFiles/cmTC_f2420.dir/build.make CMakeFiles/cmTC_f2420.dir/build
make[1]: Entering directory '/workspaces/CHIP-8-Emulator/src/SDL3-3.2.16/build/CMakeFiles/CMakeTmp'
Building C object CMakeFiles/cmTC_f2420.dir/CheckSymbolExists.c.o
/usr/bin/cc   -D_GNU_SOURCE=1   -o CMakeFiles/cmTC_f2420.dir/CheckSymbolExists.c.o   -c /workspaces/CHIP-8-Emulator/src/SDL3-3.2.16/build/CMakeFiles/CMakeTmp/CheckSymbolExists.c
Linking C executable cmTC_f2420
/usr/bin/cmake -E cmake_link_script CMakeFiles/cmTC_f2420.dir/link.txt --verbose=1
/usr/bin/cc   -D_GNU_SOURCE=1    CMakeFiles/cmTC_f2420.dir/CheckSymbolExists.c.o  -o cmTC_f2420 
make[1]: Leaving directory '/workspaces/CHIP-8-Emulator/src/SDL3-3.2.16/build/CMakeFiles/CMakeTmp'


File /workspaces/CHIP-8-Emulator/src/SDL3-3.2.16/build/CMakeFiles/CMakeTmp/CheckSymbolExists.c:
/* */
#include <fcntl.h>

int main(int argc, char** argv)
{
  (void)argv;
#ifndef posix_fallocate
  return ((int*)(&posix_fallocate))[argc];
#else
  (void)argc;
  return 0;
#endif
}
Performing C SOURCE FILE Test ICONV_IN_LIBC succeeded with the following output:
Change Dir: /workspaces/CHIP-8-Emulator/src/SDL3-3.2.16/build/CMakeFiles/CMakeTmp

Run Build Command(s):/usr/bin/make cmTC_279b3/fast && /usr/bin/make -f CMakeFiles/cmTC_279b3.dir/build.make CMakeFiles/cmTC_279b3.dir/build
make[1]: Entering directory '/workspaces/CHIP-8-Emulator/src/SDL3-3.2.16/build/CMakeFiles/CMakeTmp'
Building C object CMakeFiles/cmTC_279b3.dir/src.c.o
/usr/bin/cc   -DICONV_IN_LIBC  -D_GNU_SOURCE=1   -o CMakeFiles/cmTC_279b3.dir/src.c.o   -c /workspaces/CHIP-8-Emulator/src/SDL3-3.2.16/build/CMakeFiles/CMakeTmp/src.c
Linking C executable cmTC_279b3
/usr/bin/cmake -E cmake_link_script CMakeFiles/cmTC_279b3.dir/link.txt --verbose=1
/usr/bin/cc  -DICONV_IN_LIBC  -D_GNU_SOURCE=1    CMakeFiles/cmTC_279b3.dir/src.c.o  -o cmTC_279b3 
make[1]: Leaving directory '/workspaces/CHIP-8-Emulator/src/SDL3-3.2.16/build/CMakeFiles/CMakeTmp'


Source file was:

        #define LIBICONV_PLUG 1 /* in case libiconv header is in include path */
        #include <stddef.h>
        #include <iconv.h>
        int main(int argc, char **argv) {
            return !iconv_open(NULL,NULL);
        }
Performing C SOURCE FILE Test HAVE_SA_SIGACTION succeeded with the following output:
Change Dir: /workspaces/CHIP-8-Emulator/src/SDL3-3.2.16/build/CMakeFiles/CMakeTmp

Run Build Command(s):/usr/bin/make cmTC_68966/fast && /usr/bin/make -f CMakeFiles/cmTC_68966.dir/build.make CMakeFiles/cmTC_68966.dir/build
make[1]: Entering directory '/workspaces/CHIP-8-Emulator/src/SDL3-3.2.16/build/CMakeFiles/CMakeTmp'
Building C object CMakeFiles/cmTC_68966.dir/src.c.o
/usr/bin/cc   -DHAVE_SA_SIGACTION  -D_GNU_SOURCE=1   -o CMakeFiles/cmTC_68966.dir/src.c.o   -c /workspaces/CHIP-8-Emulator/src/SDL3-3.2.16/build/CMakeFiles/CMakeTmp/src.c
Linking C executable cmTC_68966
/usr/bin/cmake -E cmake_link_script CMakeFiles/cmTC_68966.dir/link.txt --verbose=1
/usr/bin/cc  -DHAVE_SA_SIGACTION  -D_GNU_SOURCE=1    CMakeFiles/cmTC_68966.dir/src.c.o  -o cmTC_68966 
make[1]: Leaving directory '/workspaces/CHIP-8-Emulator/src/SDL3-3.2.16/build/CMakeFiles/CMakeTmp'


Source file was:

#include <signal.h>

int main()
{
  (void)sizeof(((struct sigaction *)0)->sa_sigaction);
  return 0;
}

Performing C SOURCE FILE Test HAVE_ST_MTIM succeeded with the following output:
Change Dir: /workspaces/CHIP-8-Emulator/src/SDL3-3.2.16/build/CMakeFiles/CMakeTmp

Run Build Command(s):/usr/bin/make cmTC_1cea7/fast && /usr/bin/make -f CMakeFiles/cmTC_1cea7.dir/build.make CMakeFiles/cmTC_1cea7.dir/build
make[1]: Entering directory '/workspaces/CHIP-8-Emulator/src/SDL3-3.2.16/build/CMakeFiles/CMakeTmp'
Building C object CMakeFiles/cmTC_1cea7.dir/src.c.o
/usr/bin/cc   -DHAVE_ST_MTIM  -D_GNU_SOURCE=1   -o CMakeFiles/cmTC_1cea7.dir/src.c.o   -c /workspaces/CHIP-8-Emulator/src/SDL3-3.2.16/build/CMakeFiles/CMakeTmp/src.c
Linking C executable cmTC_1cea7
/usr/bin/cmake -E cmake_link_script CMakeFiles/cmTC_1cea7.dir/link.txt --verbose=1
/usr/bin/cc  -DHAVE_ST_MTIM  -D_GNU_SOURCE=1    CMakeFiles/cmTC_1cea7.dir/src.c.o  -o cmTC_1cea7 
make[1]: Leaving directory '/workspaces/CHIP-8-Emulator/src/SDL3-3.2.16/build/CMakeFiles/CMakeTmp'


Source file was:

#include <sys/stat.h>

int main()
{
  (void)sizeof(((struct stat *)0)->st_mtim);
  return 0;
}

Determining if the dlopen exist passed with the following output:
Change Dir: /workspaces/CHIP-8-Emulator/src/SDL3-3.2.16/build/CMakeFiles/CMakeTmp

Run Build Command(s):/usr/bin/make cmTC_8cd06/fast && /usr/bin/make -f CMakeFiles/cmTC_8cd06.dir/build.make CMakeFiles/cmTC_8cd06.dir/build
make[1]: Entering directory '/workspaces/CHIP-8-Emulator/src/SDL3-3.2.16/build/CMakeFiles/CMakeTmp'
Building C object CMakeFiles/cmTC_8cd06.dir/CheckSymbolExists.c.o
/usr/bin/cc   -D_GNU_SOURCE=1   -o CMakeFiles/cmTC_8cd06.dir/CheckSymbolExists.c.o   -c /workspaces/CHIP-8-Emulator/src/SDL3-3.2.16/build/CMakeFiles/CMakeTmp/CheckSymbolExists.c
Linking C executable cmTC_8cd06
/usr/bin/cmake -E cmake_link_script CMakeFiles/cmTC_8cd06.dir/link.txt --verbose=1
/usr/bin/cc   -D_GNU_SOURCE=1    CMakeFiles/cmTC_8cd06.dir/CheckSymbolExists.c.o  -o cmTC_8cd06  -ldl 
make[1]: Leaving directory '/workspaces/CHIP-8-Emulator/src/SDL3-3.2.16/build/CMakeFiles/CMakeTmp'


File /workspaces/CHIP-8-Emulator/src/SDL3-3.2.16/build/CMakeFiles/CMakeTmp/CheckSymbolExists.c:
/* */
#include <dlfcn.h>

int main(int argc, char** argv)
{
  (void)argv;
#ifndef dlopen
  return ((int*)(&dlopen))[argc];
#else
  (void)argc;
  return 0;
#endif
}
Performing C SOURCE FILE Test HAVE_O_CLOEXEC succeeded with the following output:
Change Dir: /workspaces/CHIP-8-Emulator/src/SDL3-3.2.16/build/CMakeFiles/CMakeTmp

Run Build Command(s):/usr/bin/make cmTC_1f58f/fast && /usr/bin/make -f CMakeFiles/cmTC_1f58f.dir/build.make CMakeFiles/cmTC_1f58f.dir/build
make[1]: Entering directory '/workspaces/CHIP-8-Emulator/src/SDL3-3.2.16/build/CMakeFiles/CMakeTmp'
Building C object CMakeFiles/cmTC_1f58f.dir/src.c.o
/usr/bin/cc   -DHAVE_O_CLOEXEC  -D_GNU_SOURCE=1   -o CMakeFiles/cmTC_1f58f.dir/src.c.o   -c /workspaces/CHIP-8-Emulator/src/SDL3-3.2.16/build/CMakeFiles/CMakeTmp/src.c
Linking C executable cmTC_1f58f
/usr/bin/cmake -E cmake_link_script CMakeFiles/cmTC_1f58f.dir/link.txt --verbose=1
/usr/bin/cc  -DHAVE_O_CLOEXEC  -D_GNU_SOURCE=1    CMakeFiles/cmTC_1f58f.dir/src.c.o  -o cmTC_1f58f 
make[1]: Leaving directory '/workspaces/CHIP-8-Emulator/src/SDL3-3.2.16/build/CMakeFiles/CMakeTmp'


Source file was:

    #include <fcntl.h>
    int flag = O_CLOEXEC;
    int main(int argc, char **argv) { return 0; }
Determining if the function XOpenDisplay exists in the /usr/lib/x86_64-linux-gnu/libX11.so;/usr/lib/x86_64-linux-gnu/libXext.so passed with the following output:
Change Dir: /workspaces/CHIP-8-Emulator/src/SDL3-3.2.16/build/CMakeFiles/CMakeTmp

Run Build Command(s):/usr/bin/make cmTC_4535f/fast && /usr/bin/make -f CMakeFiles/cmTC_4535f.dir/build.make CMakeFiles/cmTC_4535f.dir/build
make[1]: Entering directory '/workspaces/CHIP-8-Emulator/src/SDL3-3.2.16/build/CMakeFiles/CMakeTmp'
Building C object CMakeFiles/cmTC_4535f.dir/CheckFunctionExists.c.o
/usr/bin/cc   -DCHECK_FUNCTION_EXISTS=XOpenDisplay  -D_GNU_SOURCE=1   -o CMakeFiles/cmTC_4535f.dir/CheckFunctionExists.c.o   -c /usr/share/cmake-3.16/Modules/CheckFunctionExists.c
Linking C executable cmTC_4535f
/usr/bin/cmake -E cmake_link_script CMakeFiles/cmTC_4535f.dir/link.txt --verbose=1
/usr/bin/cc  -DCHECK_FUNCTION_EXISTS=XOpenDisplay  -D_GNU_SOURCE=1    CMakeFiles/cmTC_4535f.dir/CheckFunctionExists.c.o  -o cmTC_4535f  /usr/lib/x86_64-linux-gnu/libX11.so /usr/lib/x86_64-linux-gnu/libXext.so 
make[1]: Leaving directory '/workspaces/CHIP-8-Emulator/src/SDL3-3.2.16/build/CMakeFiles/CMakeTmp'



Determining if the function gethostbyname exists passed with the following output:
Change Dir: /workspaces/CHIP-8-Emulator/src/SDL3-3.2.16/build/CMakeFiles/CMakeTmp

Run Build Command(s):/usr/bin/make cmTC_c22e2/fast && /usr/bin/make -f CMakeFiles/cmTC_c22e2.dir/build.make CMakeFiles/cmTC_c22e2.dir/build
make[1]: Entering directory '/workspaces/CHIP-8-Emulator/src/SDL3-3.2.16/build/CMakeFiles/CMakeTmp'
Building C object CMakeFiles/cmTC_c22e2.dir/CheckFunctionExists.c.o
/usr/bin/cc   -DCHECK_FUNCTION_EXISTS=gethostbyname  -D_GNU_SOURCE=1   -o CMakeFiles/cmTC_c22e2.dir/CheckFunctionExists.c.o   -c /usr/share/cmake-3.16/Modules/CheckFunctionExists.c
Linking C executable cmTC_c22e2
/usr/bin/cmake -E cmake_link_script CMakeFiles/cmTC_c22e2.dir/link.txt --verbose=1
/usr/bin/cc  -DCHECK_FUNCTION_EXISTS=gethostbyname  -D_GNU_SOURCE=1    CMakeFiles/cmTC_c22e2.dir/CheckFunctionExists.c.o  -o cmTC_c22e2 
make[1]: Leaving directory '/workspaces/CHIP-8-Emulator/src/SDL3-3.2.16/build/CMakeFiles/CMakeTmp'



Determining if the function connect exists passed with the following output:
Change Dir: /workspaces/CHIP-8-Emulator/src/SDL3-3.2.16/build/CMakeFiles/CMakeTmp

Run Build Command(s):/usr/bin/make cmTC_87f9a/fast && /usr/bin/make -f CMakeFiles/cmTC_87f9a.dir/build.make CMakeFiles/cmTC_87f9a.dir/build
make[1]: Entering directory '/workspaces/CHIP-8-Emulator/src/SDL3-3.2.16/build/CMakeFiles/CMakeTmp'
Building C object CMakeFiles/cmTC_87f9a.dir/CheckFunctionExists.c.o
/usr/bin/cc   -DCHECK_FUNCTION_EXISTS=connect  -D_GNU_SOURCE=1   -o CMakeFiles/cmTC_87f9a.dir/CheckFunctionExists.c.o   -c /usr/share/cmake-3.16/Modules/CheckFunctionExists.c
Linking C executable cmTC_87f9a
/usr/bin/cmake -E cmake_link_script CMakeFiles/cmTC_87f9a.dir/link.txt --verbose=1
/usr/bin/cc  -DCHECK_FUNCTION_EXISTS=connect  -D_GNU_SOURCE=1    CMakeFiles/cmTC_87f9a.dir/CheckFunctionExists.c.o  -o cmTC_87f9a 
make[1]: Leaving directory '/workspaces/CHIP-8-Emulator/src/SDL3-3.2.16/build/CMakeFiles/CMakeTmp'



Determining if the function remove exists passed with the following output:
Change Dir: /workspaces/CHIP-8-Emulator/src/SDL3-3.2.16/build/CMakeFiles/CMakeTmp

Run Build Command(s):/usr/bin/make cmTC_5f2d5/fast && /usr/bin/make -f CMakeFiles/cmTC_5f2d5.dir/build.make CMakeFiles/cmTC_5f2d5.dir/build
make[1]: Entering directory '/workspaces/CHIP-8-Emulator/src/SDL3-3.2.16/build/CMakeFiles/CMakeTmp'
Building C object CMakeFiles/cmTC_5f2d5.dir/CheckFunctionExists.c.o
/usr/bin/cc   -DCHECK_FUNCTION_EXISTS=remove  -D_GNU_SOURCE=1   -o CMakeFiles/cmTC_5f2d5.dir/CheckFunctionExists.c.o   -c /usr/share/cmake-3.16/Modules/CheckFunctionExists.c
Linking C executable cmTC_5f2d5
/usr/bin/cmake -E cmake_link_script CMakeFiles/cmTC_5f2d5.dir/link.txt --verbose=1
/usr/bin/cc  -DCHECK_FUNCTION_EXISTS=remove  -D_GNU_SOURCE=1    CMakeFiles/cmTC_5f2d5.dir/CheckFunctionExists.c.o  -o cmTC_5f2d5 
make[1]: Leaving directory '/workspaces/CHIP-8-Emulator/src/SDL3-3.2.16/build/CMakeFiles/CMakeTmp'



Determining if the function shmat exists passed with the following output:
Change Dir: /workspaces/CHIP-8-Emulator/src/SDL3-3.2.16/build/CMakeFiles/CMakeTmp

Run Build Command(s):/usr/bin/make cmTC_df13b/fast && /usr/bin/make -f CMakeFiles/cmTC_df13b.dir/build.make CMakeFiles/cmTC_df13b.dir/build
make[1]: Entering directory '/workspaces/CHIP-8-Emulator/src/SDL3-3.2.16/build/CMakeFiles/CMakeTmp'
Building C object CMakeFiles/cmTC_df13b.dir/CheckFunctionExists.c.o
/usr/bin/cc   -DCHECK_FUNCTION_EXISTS=shmat  -D_GNU_SOURCE=1   -o CMakeFiles/cmTC_df13b.dir/CheckFunctionExists.c.o   -c /usr/share/cmake-3.16/Modules/CheckFunctionExists.c
Linking C executable cmTC_df13b
/usr/bin/cmake -E cmake_link_script CMakeFiles/cmTC_df13b.dir/link.txt --verbose=1
/usr/bin/cc  -DCHECK_FUNCTION_EXISTS=shmat  -D_GNU_SOURCE=1    CMakeFiles/cmTC_df13b.dir/CheckFunctionExists.c.o  -o cmTC_df13b 
make[1]: Leaving directory '/workspaces/CHIP-8-Emulator/src/SDL3-3.2.16/build/CMakeFiles/CMakeTmp'



Determining if the function IceConnectionNumber exists in the ICE passed with the following output:
Change Dir: /workspaces/CHIP-8-Emulator/src/SDL3-3.2.16/build/CMakeFiles/CMakeTmp

Run Build Command(s):/usr/bin/make cmTC_6af78/fast && /usr/bin/make -f CMakeFiles/cmTC_6af78.dir/build.make CMakeFiles/cmTC_6af78.dir/build
make[1]: Entering directory '/workspaces/CHIP-8-Emulator/src/SDL3-3.2.16/build/CMakeFiles/CMakeTmp'
Building C object CMakeFiles/cmTC_6af78.dir/CheckFunctionExists.c.o
/usr/bin/cc   -DCHECK_FUNCTION_EXISTS=IceConnectionNumber  -D_GNU_SOURCE=1   -o CMakeFiles/cmTC_6af78.dir/CheckFunctionExists.c.o   -c /usr/share/cmake-3.16/Modules/CheckFunctionExists.c
Linking C executable cmTC_6af78
/usr/bin/cmake -E cmake_link_script CMakeFiles/cmTC_6af78.dir/link.txt --verbose=1
/usr/bin/cc  -DCHECK_FUNCTION_EXISTS=IceConnectionNumber  -D_GNU_SOURCE=1    CMakeFiles/cmTC_6af78.dir/CheckFunctionExists.c.o  -o cmTC_6af78  -lICE 
make[1]: Leaving directory '/workspaces/CHIP-8-Emulator/src/SDL3-3.2.16/build/CMakeFiles/CMakeTmp'



Determining if the shmat exist passed with the following output:
Change Dir: /workspaces/CHIP-8-Emulator/src/SDL3-3.2.16/build/CMakeFiles/CMakeTmp

Run Build Command(s):/usr/bin/make cmTC_0e772/fast && /usr/bin/make -f CMakeFiles/cmTC_0e772.dir/build.make CMakeFiles/cmTC_0e772.dir/build
make[1]: Entering directory '/workspaces/CHIP-8-Emulator/src/SDL3-3.2.16/build/CMakeFiles/CMakeTmp'
Building C object CMakeFiles/cmTC_0e772.dir/CheckSymbolExists.c.o
/usr/bin/cc   -D_GNU_SOURCE=1   -o CMakeFiles/cmTC_0e772.dir/CheckSymbolExists.c.o   -c /workspaces/CHIP-8-Emulator/src/SDL3-3.2.16/build/CMakeFiles/CMakeTmp/CheckSymbolExists.c
Linking C executable cmTC_0e772
/usr/bin/cmake -E cmake_link_script CMakeFiles/cmTC_0e772.dir/link.txt --verbose=1
/usr/bin/cc   -D_GNU_SOURCE=1    CMakeFiles/cmTC_0e772.dir/CheckSymbolExists.c.o  -o cmTC_0e772 
make[1]: Leaving directory '/workspaces/CHIP-8-Emulator/src/SDL3-3.2.16/build/CMakeFiles/CMakeTmp'


File /workspaces/CHIP-8-Emulator/src/SDL3-3.2.16/build/CMakeFiles/CMakeTmp/CheckSymbolExists.c:
/* */
#include <sys/shm.h>

int main(int argc, char** argv)
{
  (void)argv;
#ifndef shmat
  return ((int*)(&shmat))[argc];
#else
  (void)argc;
  return 0;
#endif
}
Performing C SOURCE FILE Test HAVE_XGENERICEVENT succeeded with the following output:
Change Dir: /workspaces/CHIP-8-Emulator/src/SDL3-3.2.16/build/CMakeFiles/CMakeTmp

Run Build Command(s):/usr/bin/make cmTC_5e5ab/fast && /usr/bin/make -f CMakeFiles/cmTC_5e5ab.dir/build.make CMakeFiles/cmTC_5e5ab.dir/build
make[1]: Entering directory '/workspaces/CHIP-8-Emulator/src/SDL3-3.2.16/build/CMakeFiles/CMakeTmp'
Building C object CMakeFiles/cmTC_5e5ab.dir/src.c.o
/usr/bin/cc   -DHAVE_XGENERICEVENT  -D_GNU_SOURCE=1   -o CMakeFiles/cmTC_5e5ab.dir/src.c.o   -c /workspaces/CHIP-8-Emulator/src/SDL3-3.2.16/build/CMakeFiles/CMakeTmp/src.c
Linking C executable cmTC_5e5ab
/usr/bin/cmake -E cmake_link_script CMakeFiles/cmTC_5e5ab.dir/link.txt --verbose=1
/usr/bin/cc  -DHAVE_XGENERICEVENT  -D_GNU_SOURCE=1    CMakeFiles/cmTC_5e5ab.dir/src.c.o  -o cmTC_5e5ab  /usr/lib/x86_64-linux-gnu/libX11.so 
make[1]: Leaving directory '/workspaces/CHIP-8-Emulator/src/SDL3-3.2.16/build/CMakeFiles/CMakeTmp'


Source file was:

          #include <X11/Xlib.h>
          int main(int argc, char **argv) {
            Display *display;
            XEvent event;
            XGenericEventCookie *cookie = &event.xcookie;
            XNextEvent(display, &event);
            XGetEventData(display, cookie);
            XFreeEventData(display, cookie);
            return 0; }
Determining if the XkbLookupKeySym exist passed with the following output:
Change Dir: /workspaces/CHIP-8-Emulator/src/SDL3-3.2.16/build/CMakeFiles/CMakeTmp

Run Build Command(s):/usr/bin/make cmTC_b3e86/fast && /usr/bin/make -f CMakeFiles/cmTC_b3e86.dir/build.make CMakeFiles/cmTC_b3e86.dir/build
make[1]: Entering directory '/workspaces/CHIP-8-Emulator/src/SDL3-3.2.16/build/CMakeFiles/CMakeTmp'
Building C object CMakeFiles/cmTC_b3e86.dir/CheckSymbolExists.c.o
/usr/bin/cc   -D_GNU_SOURCE=1   -o CMakeFiles/cmTC_b3e86.dir/CheckSymbolExists.c.o   -c /workspaces/CHIP-8-Emulator/src/SDL3-3.2.16/build/CMakeFiles/CMakeTmp/CheckSymbolExists.c
Linking C executable cmTC_b3e86
/usr/bin/cmake -E cmake_link_script CMakeFiles/cmTC_b3e86.dir/link.txt --verbose=1
/usr/bin/cc   -D_GNU_SOURCE=1    CMakeFiles/cmTC_b3e86.dir/CheckSymbolExists.c.o  -o cmTC_b3e86  /usr/lib/x86_64-linux-gnu/libX11.so 
make[1]: Leaving directory '/workspaces/CHIP-8-Emulator/src/SDL3-3.2.16/build/CMakeFiles/CMakeTmp'


File /workspaces/CHIP-8-Emulator/src/SDL3-3.2.16/build/CMakeFiles/CMakeTmp/CheckSymbolExists.c:
/* */
#include <X11/Xlib.h>
#include <X11/XKBlib.h>

int main(int argc, char** argv)
{
  (void)argv;
#ifndef XkbLookupKeySym
  return ((int*)(&XkbLookupKeySym))[argc];
#else
  (void)argc;
  return 0;
#endif
}
Performing C SOURCE FILE Test HAVE_LINUX_INPUT_H succeeded with the following output:
Change Dir: /workspaces/CHIP-8-Emulator/src/SDL3-3.2.16/build/CMakeFiles/CMakeTmp

Run Build Command(s):/usr/bin/make cmTC_bc3f7/fast && /usr/bin/make -f CMakeFiles/cmTC_bc3f7.dir/build.make CMakeFiles/cmTC_bc3f7.dir/build
make[1]: Entering directory '/workspaces/CHIP-8-Emulator/src/SDL3-3.2.16/build/CMakeFiles/CMakeTmp'
Building C object CMakeFiles/cmTC_bc3f7.dir/src.c.o
/usr/bin/cc   -DHAVE_LINUX_INPUT_H  -D_GNU_SOURCE=1   -o CMakeFiles/cmTC_bc3f7.dir/src.c.o   -c /workspaces/CHIP-8-Emulator/src/SDL3-3.2.16/build/CMakeFiles/CMakeTmp/src.c
Linking C executable cmTC_bc3f7
/usr/bin/cmake -E cmake_link_script CMakeFiles/cmTC_bc3f7.dir/link.txt --verbose=1
/usr/bin/cc  -DHAVE_LINUX_INPUT_H  -D_GNU_SOURCE=1    CMakeFiles/cmTC_bc3f7.dir/src.c.o  -o cmTC_bc3f7 
make[1]: Leaving directory '/workspaces/CHIP-8-Emulator/src/SDL3-3.2.16/build/CMakeFiles/CMakeTmp'


Source file was:

        #include <linux/input.h>
        #ifndef EVIOCGNAME
        #error EVIOCGNAME() ioctl not available
        #endif
        int main(int argc, char** argv) { return 0; }
Performing C SOURCE FILE Test HAVE_INPUT_KD succeeded with the following output:
Change Dir: /workspaces/CHIP-8-Emulator/src/SDL3-3.2.16/build/CMakeFiles/CMakeTmp

Run Build Command(s):/usr/bin/make cmTC_cfff8/fast && /usr/bin/make -f CMakeFiles/cmTC_cfff8.dir/build.make CMakeFiles/cmTC_cfff8.dir/build
make[1]: Entering directory '/workspaces/CHIP-8-Emulator/src/SDL3-3.2.16/build/CMakeFiles/CMakeTmp'
Building C object CMakeFiles/cmTC_cfff8.dir/src.c.o
/usr/bin/cc   -DHAVE_INPUT_KD  -D_GNU_SOURCE=1   -o CMakeFiles/cmTC_cfff8.dir/src.c.o   -c /workspaces/CHIP-8-Emulator/src/SDL3-3.2.16/build/CMakeFiles/CMakeTmp/src.c
Linking C executable cmTC_cfff8
/usr/bin/cmake -E cmake_link_script CMakeFiles/cmTC_cfff8.dir/link.txt --verbose=1
/usr/bin/cc  -DHAVE_INPUT_KD  -D_GNU_SOURCE=1    CMakeFiles/cmTC_cfff8.dir/src.c.o  -o cmTC_cfff8 
make[1]: Leaving directory '/workspaces/CHIP-8-Emulator/src/SDL3-3.2.16/build/CMakeFiles/CMakeTmp'


Source file was:

          #include <linux/kd.h>
          #include <linux/keyboard.h>
          #include <sys/ioctl.h>
          int main(int argc, char **argv) {
              struct kbentry kbe;
              kbe.kb_table = KG_CTRL;
              ioctl(0, KDGKBENT, &kbe);
              return 0;
          }
Performing C SOURCE FILE Test HAVE_LINUX_VIDEODEV2_H succeeded with the following output:
Change Dir: /workspaces/CHIP-8-Emulator/src/SDL3-3.2.16/build/CMakeFiles/CMakeTmp

Run Build Command(s):/usr/bin/make cmTC_98e66/fast && /usr/bin/make -f CMakeFiles/cmTC_98e66.dir/build.make CMakeFiles/cmTC_98e66.dir/build
make[1]: Entering directory '/workspaces/CHIP-8-Emulator/src/SDL3-3.2.16/build/CMakeFiles/CMakeTmp'
Building C object CMakeFiles/cmTC_98e66.dir/src.c.o
/usr/bin/cc   -DHAVE_LINUX_VIDEODEV2_H  -D_GNU_SOURCE=1   -o CMakeFiles/cmTC_98e66.dir/src.c.o   -c /workspaces/CHIP-8-Emulator/src/SDL3-3.2.16/build/CMakeFiles/CMakeTmp/src.c
Linking C executable cmTC_98e66
/usr/bin/cmake -E cmake_link_script CMakeFiles/cmTC_98e66.dir/link.txt --verbose=1
/usr/bin/cc  -DHAVE_LINUX_VIDEODEV2_H  -D_GNU_SOURCE=1    CMakeFiles/cmTC_98e66.dir/src.c.o  -o cmTC_98e66 
make[1]: Leaving directory '/workspaces/CHIP-8-Emulator/src/SDL3-3.2.16/build/CMakeFiles/CMakeTmp'


Source file was:

          #include <linux/videodev2.h>
          int main(int argc, char** argv) { return 0; }
Determining if the include file sys/inotify.h exists passed with the following output:
Change Dir: /workspaces/CHIP-8-Emulator/src/SDL3-3.2.16/build/CMakeFiles/CMakeTmp

Run Build Command(s):/usr/bin/make cmTC_fc3ef/fast && /usr/bin/make -f CMakeFiles/cmTC_fc3ef.dir/build.make CMakeFiles/cmTC_fc3ef.dir/build
make[1]: Entering directory '/workspaces/CHIP-8-Emulator/src/SDL3-3.2.16/build/CMakeFiles/CMakeTmp'
Building C object CMakeFiles/cmTC_fc3ef.dir/CheckIncludeFile.c.o
/usr/bin/cc   -D_GNU_SOURCE=1   -o CMakeFiles/cmTC_fc3ef.dir/CheckIncludeFile.c.o   -c /workspaces/CHIP-8-Emulator/src/SDL3-3.2.16/build/CMakeFiles/CMakeTmp/CheckIncludeFile.c
Linking C executable cmTC_fc3ef
/usr/bin/cmake -E cmake_link_script CMakeFiles/cmTC_fc3ef.dir/link.txt --verbose=1
/usr/bin/cc   -D_GNU_SOURCE=1    CMakeFiles/cmTC_fc3ef.dir/CheckIncludeFile.c.o  -o cmTC_fc3ef 
make[1]: Leaving directory '/workspaces/CHIP-8-Emulator/src/SDL3-3.2.16/build/CMakeFiles/CMakeTmp'



Determining if the inotify_init exist passed with the following output:
Change Dir: /workspaces/CHIP-8-Emulator/src/SDL3-3.2.16/build/CMakeFiles/CMakeTmp

Run Build Command(s):/usr/bin/make cmTC_b72dc/fast && /usr/bin/make -f CMakeFiles/cmTC_b72dc.dir/build.make CMakeFiles/cmTC_b72dc.dir/build
make[1]: Entering directory '/workspaces/CHIP-8-Emulator/src/SDL3-3.2.16/build/CMakeFiles/CMakeTmp'
Building C object CMakeFiles/cmTC_b72dc.dir/CheckSymbolExists.c.o
/usr/bin/cc   -D_GNU_SOURCE=1   -o CMakeFiles/cmTC_b72dc.dir/CheckSymbolExists.c.o   -c /workspaces/CHIP-8-Emulator/src/SDL3-3.2.16/build/CMakeFiles/CMakeTmp/CheckSymbolExists.c
Linking C executable cmTC_b72dc
/usr/bin/cmake -E cmake_link_script CMakeFiles/cmTC_b72dc.dir/link.txt --verbose=1
/usr/bin/cc   -D_GNU_SOURCE=1    CMakeFiles/cmTC_b72dc.dir/CheckSymbolExists.c.o  -o cmTC_b72dc 
make[1]: Leaving directory '/workspaces/CHIP-8-Emulator/src/SDL3-3.2.16/build/CMakeFiles/CMakeTmp'


File /workspaces/CHIP-8-Emulator/src/SDL3-3.2.16/build/CMakeFiles/CMakeTmp/CheckSymbolExists.c:
/* */
#include <sys/inotify.h>

int main(int argc, char** argv)
{
  (void)argv;
#ifndef inotify_init
  return ((int*)(&inotify_init))[argc];
#else
  (void)argc;
  return 0;
#endif
}
Determining if the inotify_init1 exist passed with the following output:
Change Dir: /workspaces/CHIP-8-Emulator/src/SDL3-3.2.16/build/CMakeFiles/CMakeTmp

Run Build Command(s):/usr/bin/make cmTC_a7853/fast && /usr/bin/make -f CMakeFiles/cmTC_a7853.dir/build.make CMakeFiles/cmTC_a7853.dir/build
make[1]: Entering directory '/workspaces/CHIP-8-Emulator/src/SDL3-3.2.16/build/CMakeFiles/CMakeTmp'
Building C object CMakeFiles/cmTC_a7853.dir/CheckSymbolExists.c.o
/usr/bin/cc   -D_GNU_SOURCE=1   -o CMakeFiles/cmTC_a7853.dir/CheckSymbolExists.c.o   -c /workspaces/CHIP-8-Emulator/src/SDL3-3.2.16/build/CMakeFiles/CMakeTmp/CheckSymbolExists.c
Linking C executable cmTC_a7853
/usr/bin/cmake -E cmake_link_script CMakeFiles/cmTC_a7853.dir/link.txt --verbose=1
/usr/bin/cc   -D_GNU_SOURCE=1    CMakeFiles/cmTC_a7853.dir/CheckSymbolExists.c.o  -o cmTC_a7853 
make[1]: Leaving directory '/workspaces/CHIP-8-Emulator/src/SDL3-3.2.16/build/CMakeFiles/CMakeTmp'


File /workspaces/CHIP-8-Emulator/src/SDL3-3.2.16/build/CMakeFiles/CMakeTmp/CheckSymbolExists.c:
/* */
#include <sys/inotify.h>

int main(int argc, char** argv)
{
  (void)argv;
#ifndef inotify_init1
  return ((int*)(&inotify_init1))[argc];
#else
  (void)argc;
  return 0;
#endif
}
Performing C SOURCE FILE Test HAVE_PTHREADS succeeded with the following output:
Change Dir: /workspaces/CHIP-8-Emulator/src/SDL3-3.2.16/build/CMakeFiles/CMakeTmp

Run Build Command(s):/usr/bin/make cmTC_e1c46/fast && /usr/bin/make -f CMakeFiles/cmTC_e1c46.dir/build.make CMakeFiles/cmTC_e1c46.dir/build
make[1]: Entering directory '/workspaces/CHIP-8-Emulator/src/SDL3-3.2.16/build/CMakeFiles/CMakeTmp'
Building C object CMakeFiles/cmTC_e1c46.dir/src.c.o
/usr/bin/cc   -DHAVE_PTHREADS  -D_GNU_SOURCE=1 -D_REENTRANT -pthread   -o CMakeFiles/cmTC_e1c46.dir/src.c.o   -c /workspaces/CHIP-8-Emulator/src/SDL3-3.2.16/build/CMakeFiles/CMakeTmp/src.c
Linking C executable cmTC_e1c46
/usr/bin/cmake -E cmake_link_script CMakeFiles/cmTC_e1c46.dir/link.txt --verbose=1
/usr/bin/cc  -DHAVE_PTHREADS  -D_GNU_SOURCE=1 -D_REENTRANT -pthread    CMakeFiles/cmTC_e1c46.dir/src.c.o  -o cmTC_e1c46 
make[1]: Leaving directory '/workspaces/CHIP-8-Emulator/src/SDL3-3.2.16/build/CMakeFiles/CMakeTmp'


Source file was:

        #include <pthread.h>
        int main(int argc, char** argv) {
          pthread_attr_t type;
          pthread_attr_init(&type);
          return 0;
        }
Performing C SOURCE FILE Test HAVE_RECURSIVE_MUTEXES succeeded with the following output:
Change Dir: /workspaces/CHIP-8-Emulator/src/SDL3-3.2.16/build/CMakeFiles/CMakeTmp

Run Build Command(s):/usr/bin/make cmTC_d844e/fast && /usr/bin/make -f CMakeFiles/cmTC_d844e.dir/build.make CMakeFiles/cmTC_d844e.dir/build
make[1]: Entering directory '/workspaces/CHIP-8-Emulator/src/SDL3-3.2.16/build/CMakeFiles/CMakeTmp'
Building C object CMakeFiles/cmTC_d844e.dir/src.c.o
/usr/bin/cc   -DHAVE_RECURSIVE_MUTEXES  -D_GNU_SOURCE=1 -D_REENTRANT -pthread   -o CMakeFiles/cmTC_d844e.dir/src.c.o   -c /workspaces/CHIP-8-Emulator/src/SDL3-3.2.16/build/CMakeFiles/CMakeTmp/src.c
Linking C executable cmTC_d844e
/usr/bin/cmake -E cmake_link_script CMakeFiles/cmTC_d844e.dir/link.txt --verbose=1
/usr/bin/cc  -DHAVE_RECURSIVE_MUTEXES  -D_GNU_SOURCE=1 -D_REENTRANT -pthread    CMakeFiles/cmTC_d844e.dir/src.c.o  -o cmTC_d844e 
make[1]: Leaving directory '/workspaces/CHIP-8-Emulator/src/SDL3-3.2.16/build/CMakeFiles/CMakeTmp'


Source file was:

        #include <pthread.h>
        int main(int argc, char **argv) {
          pthread_mutexattr_t attr;
          pthread_mutexattr_settype(&attr, PTHREAD_MUTEX_RECURSIVE);
          return 0;
        }
Performing C SOURCE FILE Test HAVE_PTHREADS_SEM succeeded with the following output:
Change Dir: /workspaces/CHIP-8-Emulator/src/SDL3-3.2.16/build/CMakeFiles/CMakeTmp

Run Build Command(s):/usr/bin/make cmTC_dfc22/fast && /usr/bin/make -f CMakeFiles/cmTC_dfc22.dir/build.make CMakeFiles/cmTC_dfc22.dir/build
make[1]: Entering directory '/workspaces/CHIP-8-Emulator/src/SDL3-3.2.16/build/CMakeFiles/CMakeTmp'
Building C object CMakeFiles/cmTC_dfc22.dir/src.c.o
/usr/bin/cc   -DHAVE_PTHREADS_SEM  -D_GNU_SOURCE=1 -D_REENTRANT -pthread   -o CMakeFiles/cmTC_dfc22.dir/src.c.o   -c /workspaces/CHIP-8-Emulator/src/SDL3-3.2.16/build/CMakeFiles/CMakeTmp/src.c
Linking C executable cmTC_dfc22
/usr/bin/cmake -E cmake_link_script CMakeFiles/cmTC_dfc22.dir/link.txt --verbose=1
/usr/bin/cc  -DHAVE_PTHREADS_SEM  -D_GNU_SOURCE=1 -D_REENTRANT -pthread    CMakeFiles/cmTC_dfc22.dir/src.c.o  -o cmTC_dfc22 
make[1]: Leaving directory '/workspaces/CHIP-8-Emulator/src/SDL3-3.2.16/build/CMakeFiles/CMakeTmp'


Source file was:
#include <pthread.h>
                                 #include <semaphore.h>
                                 int main(int argc, char **argv) { return 0; }
Performing C SOURCE FILE Test COMPILER_HAS_SEM_TIMEDWAIT succeeded with the following output:
Change Dir: /workspaces/CHIP-8-Emulator/src/SDL3-3.2.16/build/CMakeFiles/CMakeTmp

Run Build Command(s):/usr/bin/make cmTC_1a9d9/fast && /usr/bin/make -f CMakeFiles/cmTC_1a9d9.dir/build.make CMakeFiles/cmTC_1a9d9.dir/build
make[1]: Entering directory '/workspaces/CHIP-8-Emulator/src/SDL3-3.2.16/build/CMakeFiles/CMakeTmp'
Building C object CMakeFiles/cmTC_1a9d9.dir/src.c.o
/usr/bin/cc   -DCOMPILER_HAS_SEM_TIMEDWAIT  -D_GNU_SOURCE=1 -D_REENTRANT -pthread   -o CMakeFiles/cmTC_1a9d9.dir/src.c.o   -c /workspaces/CHIP-8-Emulator/src/SDL3-3.2.16/build/CMakeFiles/CMakeTmp/src.c
/workspaces/CHIP-8-Emulator/src/SDL3-3.2.16/build/CMakeFiles/CMakeTmp/src.c: In function ‘main’:
/workspaces/CHIP-8-Emulator/src/SDL3-3.2.16/build/CMakeFiles/CMakeTmp/src.c:5:19: warning: null argument where non-null required (argument 1) [-Wnonnull]
    5 |                   sem_timedwait(NULL, NULL);
      |                   ^~~~~~~~~~~~~
/workspaces/CHIP-8-Emulator/src/SDL3-3.2.16/build/CMakeFiles/CMakeTmp/src.c:5:19: warning: null argument where non-null required (argument 2) [-Wnonnull]
Linking C executable cmTC_1a9d9
/usr/bin/cmake -E cmake_link_script CMakeFiles/cmTC_1a9d9.dir/link.txt --verbose=1
/usr/bin/cc  -DCOMPILER_HAS_SEM_TIMEDWAIT  -D_GNU_SOURCE=1 -D_REENTRANT -pthread    CMakeFiles/cmTC_1a9d9.dir/src.c.o  -o cmTC_1a9d9 
make[1]: Leaving directory '/workspaces/CHIP-8-Emulator/src/SDL3-3.2.16/build/CMakeFiles/CMakeTmp'


Source file was:

              #include <pthread.h>
              #include <semaphore.h>
              int main(int argc, char **argv) {
                  sem_timedwait(NULL, NULL);
                  return 0;
              }
Determining if the include file pthread.h exists passed with the following output:
Change Dir: /workspaces/CHIP-8-Emulator/src/SDL3-3.2.16/build/CMakeFiles/CMakeTmp

Run Build Command(s):/usr/bin/make cmTC_0fa84/fast && /usr/bin/make -f CMakeFiles/cmTC_0fa84.dir/build.make CMakeFiles/cmTC_0fa84.dir/build
make[1]: Entering directory '/workspaces/CHIP-8-Emulator/src/SDL3-3.2.16/build/CMakeFiles/CMakeTmp'
Building C object CMakeFiles/cmTC_0fa84.dir/CheckIncludeFile.c.o
/usr/bin/cc   -D_GNU_SOURCE=1 -D_REENTRANT -pthread   -o CMakeFiles/cmTC_0fa84.dir/CheckIncludeFile.c.o   -c /workspaces/CHIP-8-Emulator/src/SDL3-3.2.16/build/CMakeFiles/CMakeTmp/CheckIncludeFile.c
Linking C executable cmTC_0fa84
/usr/bin/cmake -E cmake_link_script CMakeFiles/cmTC_0fa84.dir/link.txt --verbose=1
/usr/bin/cc   -D_GNU_SOURCE=1 -D_REENTRANT -pthread    CMakeFiles/cmTC_0fa84.dir/CheckIncludeFile.c.o  -o cmTC_0fa84 
make[1]: Leaving directory '/workspaces/CHIP-8-Emulator/src/SDL3-3.2.16/build/CMakeFiles/CMakeTmp'



Performing C SOURCE FILE Test HAVE_PTHREAD_SETNAME_NP succeeded with the following output:
Change Dir: /workspaces/CHIP-8-Emulator/src/SDL3-3.2.16/build/CMakeFiles/CMakeTmp

Run Build Command(s):/usr/bin/make cmTC_4ff29/fast && /usr/bin/make -f CMakeFiles/cmTC_4ff29.dir/build.make CMakeFiles/cmTC_4ff29.dir/build
make[1]: Entering directory '/workspaces/CHIP-8-Emulator/src/SDL3-3.2.16/build/CMakeFiles/CMakeTmp'
Building C object CMakeFiles/cmTC_4ff29.dir/src.c.o
/usr/bin/cc   -DHAVE_PTHREAD_SETNAME_NP  -D_GNU_SOURCE=1 -D_REENTRANT -pthread   -o CMakeFiles/cmTC_4ff29.dir/src.c.o   -c /workspaces/CHIP-8-Emulator/src/SDL3-3.2.16/build/CMakeFiles/CMakeTmp/src.c
Linking C executable cmTC_4ff29
/usr/bin/cmake -E cmake_link_script CMakeFiles/cmTC_4ff29.dir/link.txt --verbose=1
/usr/bin/cc  -DHAVE_PTHREAD_SETNAME_NP  -D_GNU_SOURCE=1 -D_REENTRANT -pthread    CMakeFiles/cmTC_4ff29.dir/src.c.o  -o cmTC_4ff29 
make[1]: Leaving directory '/workspaces/CHIP-8-Emulator/src/SDL3-3.2.16/build/CMakeFiles/CMakeTmp'


Source file was:

            #include <pthread.h>
            int main(int argc, char **argv) {
              #ifdef __APPLE__
              pthread_setname_np("");
              #else
              pthread_setname_np(pthread_self(),"");
              #endif
              return 0;
            }
Determining if the function clock_gettime exists in the c passed with the following output:
Change Dir: /workspaces/CHIP-8-Emulator/src/SDL3-3.2.16/build/CMakeFiles/CMakeTmp

Run Build Command(s):/usr/bin/make cmTC_ab5bc/fast && /usr/bin/make -f CMakeFiles/cmTC_ab5bc.dir/build.make CMakeFiles/cmTC_ab5bc.dir/build
make[1]: Entering directory '/workspaces/CHIP-8-Emulator/src/SDL3-3.2.16/build/CMakeFiles/CMakeTmp'
Building C object CMakeFiles/cmTC_ab5bc.dir/CheckFunctionExists.c.o
/usr/bin/cc   -DCHECK_FUNCTION_EXISTS=clock_gettime  -D_GNU_SOURCE=1   -o CMakeFiles/cmTC_ab5bc.dir/CheckFunctionExists.c.o   -c /usr/share/cmake-3.16/Modules/CheckFunctionExists.c
Linking C executable cmTC_ab5bc
/usr/bin/cmake -E cmake_link_script CMakeFiles/cmTC_ab5bc.dir/link.txt --verbose=1
/usr/bin/cc  -DCHECK_FUNCTION_EXISTS=clock_gettime  -D_GNU_SOURCE=1    CMakeFiles/cmTC_ab5bc.dir/CheckFunctionExists.c.o  -o cmTC_ab5bc  -lc 
make[1]: Leaving directory '/workspaces/CHIP-8-Emulator/src/SDL3-3.2.16/build/CMakeFiles/CMakeTmp'



Performing C SOURCE FILE Test HAVE_ENABLE_NEW_DTAGS succeeded with the following output:
Change Dir: /workspaces/CHIP-8-Emulator/src/SDL3-3.2.16/build/CMakeFiles/CMakeTmp

Run Build Command(s):/usr/bin/make cmTC_466ec/fast && /usr/bin/make -f CMakeFiles/cmTC_466ec.dir/build.make CMakeFiles/cmTC_466ec.dir/build
make[1]: Entering directory '/workspaces/CHIP-8-Emulator/src/SDL3-3.2.16/build/CMakeFiles/CMakeTmp'
Building C object CMakeFiles/cmTC_466ec.dir/src.c.o
/usr/bin/cc   -DHAVE_ENABLE_NEW_DTAGS  -D_GNU_SOURCE=1 -Wl,--enable-new-dtags   -o CMakeFiles/cmTC_466ec.dir/src.c.o   -c /workspaces/CHIP-8-Emulator/src/SDL3-3.2.16/build/CMakeFiles/CMakeTmp/src.c
Linking C executable cmTC_466ec
/usr/bin/cmake -E cmake_link_script CMakeFiles/cmTC_466ec.dir/link.txt --verbose=1
/usr/bin/cc  -DHAVE_ENABLE_NEW_DTAGS  -D_GNU_SOURCE=1 -Wl,--enable-new-dtags    CMakeFiles/cmTC_466ec.dir/src.c.o  -o cmTC_466ec 
make[1]: Leaving directory '/workspaces/CHIP-8-Emulator/src/SDL3-3.2.16/build/CMakeFiles/CMakeTmp'


Source file was:
int main(void) { return 0; }
Performing C SOURCE FILE Test HAVE_POSIX_SPAWN succeeded with the following output:
Change Dir: /workspaces/CHIP-8-Emulator/src/SDL3-3.2.16/build/CMakeFiles/CMakeTmp

Run Build Command(s):/usr/bin/make cmTC_ed852/fast && /usr/bin/make -f CMakeFiles/cmTC_ed852.dir/build.make CMakeFiles/cmTC_ed852.dir/build
make[1]: Entering directory '/workspaces/CHIP-8-Emulator/src/SDL3-3.2.16/build/CMakeFiles/CMakeTmp'
Building C object CMakeFiles/cmTC_ed852.dir/src.c.o
/usr/bin/cc   -DHAVE_POSIX_SPAWN  -D_GNU_SOURCE=1   -o CMakeFiles/cmTC_ed852.dir/src.c.o   -c /workspaces/CHIP-8-Emulator/src/SDL3-3.2.16/build/CMakeFiles/CMakeTmp/src.c
Linking C executable cmTC_ed852
/usr/bin/cmake -E cmake_link_script CMakeFiles/cmTC_ed852.dir/link.txt --verbose=1
/usr/bin/cc  -DHAVE_POSIX_SPAWN  -D_GNU_SOURCE=1    CMakeFiles/cmTC_ed852.dir/src.c.o  -o cmTC_ed852 
make[1]: Leaving directory '/workspaces/CHIP-8-Emulator/src/SDL3-3.2.16/build/CMakeFiles/CMakeTmp'


Source file was:

#include <spawn.h>
#include <unistd.h>

int main(void)
{
    int pipes[2];
    int pid;

    const char * args[] = {
      "/bin/false",
      NULL
    };

    const char * env[] = { NULL };

    pipe(pipes);

    posix_spawnattr_t attr;
    posix_spawn_file_actions_t fa;

    posix_spawnattr_init(&attr);
    posix_spawn_file_actions_init(&fa);

    posix_spawn_file_actions_addclose(&fa, pipes[0]);
    posix_spawn_file_actions_adddup2(&fa, pipes[1], STDOUT_FILENO);

    posix_spawn(&pid, args[0], &fa, &attr, (char * const *) args, (char * const *) env);
    posix_spawnp(&pid, args[0], &fa, &attr, (char * const *) args, (char * const *) env);

    posix_spawn_file_actions_destroy(&fa);
    posix_spawnattr_destroy(&attr);

    return 0;
}

